ISO_code,LocTypeName,Location,Time,MedianAgePop,Deaths,DeathsMale,DeathsFemale
BDI,Country/Area,Burundi,2019,15.3081,87.264,46.457,40.806
BDI,Country/Area,Burundi,2020,15.4383,92.462,49.354,43.108
BDI,Country/Area,Burundi,2021,15.5807,93.864,49.691,44.173
BDI,Country/Area,Burundi,2022,15.766,94.241,49.766,44.475
BDI,Country/Area,Burundi,2023,15.9924,94.503,50.164,44.339
COM,Country/Area,Comoros,2019,19.613,6.5,3.576,2.924
COM,Country/Area,Comoros,2020,19.8594,6.678,3.716,2.962
COM,Country/Area,Comoros,2021,20.0606,7.171,3.978,3.193
COM,Country/Area,Comoros,2022,20.2612,7.145,3.951,3.194
COM,Country/Area,Comoros,2023,20.4719,6.637,3.652,2.986
DJI,Country/Area,Djibouti,2019,23.2349,9.039,4.929,4.11
DJI,Country/Area,Djibouti,2020,23.496,9.614,5.315,4.299
DJI,Country/Area,Djibouti,2021,23.7411,10.109,5.559,4.55
DJI,Country/Area,Djibouti,2022,23.9805,10.041,5.502,4.539
DJI,Country/Area,Djibouti,2023,24.2279,9.728,5.312,4.416
ERI,Country/Area,Eritrea,2019,17.7812,22.173,11.686,10.486
ERI,Country/Area,Eritrea,2020,17.9645,22.895,12.181,10.715
ERI,Country/Area,Eritrea,2021,18.1854,24.415,12.863,11.552
ERI,Country/Area,Eritrea,2022,18.4127,24.842,13.039,11.803
ERI,Country/Area,Eritrea,2023,18.6587,24.214,12.72,11.495
ETH,Country/Area,Ethiopia,2019,18.0722,735.123,421.19,313.933
ETH,Country/Area,Ethiopia,2020,18.2666,775.334,445.114,330.221
ETH,Country/Area,Ethiopia,2021,18.4584,815.212,472.66,342.552
ETH,Country/Area,Ethiopia,2022,18.6471,801.777,464.262,337.516
ETH,Country/Area,Ethiopia,2023,18.8394,773.204,445.188,328.016
KEN,Country/Area,Kenya,2019,18.7019,371.729,198.452,173.277
KEN,Country/Area,Kenya,2020,18.9258,387.712,207.704,180.008
KEN,Country/Area,Kenya,2021,19.1544,427.272,231.945,195.327
KEN,Country/Area,Kenya,2022,19.3816,423.182,229.463,193.719
KEN,Country/Area,Kenya,2023,19.6131,402.377,216.936,185.44
MDG,Country/Area,Madagascar,2019,18.6243,179.489,99.849,79.64
MDG,Country/Area,Madagascar,2020,18.7994,191.982,107.109,84.873
MDG,Country/Area,Madagascar,2021,18.9644,205.436,114.062,91.374
MDG,Country/Area,Madagascar,2022,19.1254,201.373,111.923,89.451
MDG,Country/Area,Madagascar,2023,19.2897,191.881,107.005,84.876
MWI,Country/Area,Malawi,2019,16.3624,124.761,68.751,56.01
MWI,Country/Area,Malawi,2020,16.5608,129.975,71.84,58.135
MWI,Country/Area,Malawi,2021,16.768,138.931,75.661,63.27
MWI,Country/Area,Malawi,2022,16.9834,141.532,76.592,64.941
MWI,Country/Area,Malawi,2023,17.2118,138.236,75.114,63.122
MUS,Country/Area,Mauritius,2019,36.0374,10.891,5.969,4.922
MUS,Country/Area,Mauritius,2020,36.4447,11.243,6.204,5.039
MUS,Country/Area,Mauritius,2021,36.8139,12.527,6.856,5.671
MUS,Country/Area,Mauritius,2022,37.1417,12.591,6.874,5.717
MUS,Country/Area,Mauritius,2023,37.4566,11.671,6.422,5.249
MYT,Country/Area,Mayotte,2019,16.4793,0.732,0.454,0.278
MYT,Country/Area,Mayotte,2020,16.4593,0.871,0.543,0.328
MYT,Country/Area,Mayotte,2021,16.5068,0.999,0.608,0.391
MYT,Country/Area,Mayotte,2022,16.6069,0.967,0.585,0.382
MYT,Country/Area,Mayotte,2023,16.7679,0.787,0.482,0.304
MOZ,Country/Area,Mozambique,2019,16.6151,243.603,131.049,112.554
MOZ,Country/Area,Mozambique,2020,16.7174,249.559,135.44,114.118
MOZ,Country/Area,Mozambique,2021,16.8138,282.145,153.245,128.9
MOZ,Country/Area,Mozambique,2022,16.9027,283.95,153.802,130.147
MOZ,Country/Area,Mozambique,2023,17.0091,249.373,134.167,115.206
REU,Country/Area,Réunion,2019,33.5636,5.136,2.843,2.293
REU,Country/Area,Réunion,2020,33.7441,5.18,2.873,2.307
REU,Country/Area,Réunion,2021,33.8972,5.638,3.116,2.522
REU,Country/Area,Réunion,2022,34.0397,5.5,3.008,2.491
REU,Country/Area,Réunion,2023,34.1814,5.635,3.074,2.562
RWA,Country/Area,Rwanda,2019,18.6683,78.822,40.385,38.437
RWA,Country/Area,Rwanda,2020,18.8254,78.87,40.878,37.993
RWA,Country/Area,Rwanda,2021,19.0032,84.576,43.382,41.194
RWA,Country/Area,Rwanda,2022,19.1923,80.582,41.623,38.959
RWA,Country/Area,Rwanda,2023,19.3946,81.501,42.193,39.309
SYC,Country/Area,Seychelles,2019,31.9422,0.74,0.434,0.307
SYC,Country/Area,Seychelles,2020,32.2366,0.766,0.45,0.315
SYC,Country/Area,Seychelles,2021,32.5191,0.955,0.552,0.403
SYC,Country/Area,Seychelles,2022,32.7979,0.949,0.553,0.396
SYC,Country/Area,Seychelles,2023,33.1208,0.762,0.455,0.307
SOM,Country/Area,Somalia,2019,15.1015,176.232,94.442,81.79
SOM,Country/Area,Somalia,2020,15.1486,188.459,101.111,87.349
SOM,Country/Area,Somalia,2021,15.1877,198.038,106.354,91.684
SOM,Country/Area,Somalia,2022,15.226,194.003,104.208,89.795
SOM,Country/Area,Somalia,2023,15.274,187.927,100.999,86.927
SSD,Country/Area,South Sudan,2019,15.4205,109.984,55.808,54.176
SSD,Country/Area,South Sudan,2020,15.7582,114.527,58.459,56.068
SSD,Country/Area,South Sudan,2021,16.0684,118.956,60.688,58.269
SSD,Country/Area,South Sudan,2022,16.4052,117.433,59.912,57.52
SSD,Country/Area,South Sudan,2023,16.7432,114.111,58.253,55.858
UGA,Country/Area,Uganda,2019,15.5021,249.857,132.294,117.563
UGA,Country/Area,Uganda,2020,15.7258,259.787,137.959,121.828
UGA,Country/Area,Uganda,2021,15.9354,269.42,144.361,125.059
UGA,Country/Area,Uganda,2022,16.1219,263.987,140.982,123.005
UGA,Country/Area,Uganda,2023,16.2879,268.122,143.458,124.665
TZA,Country/Area,United Republic of Tanzania,2019,16.5816,360.222,193.839,166.384
TZA,Country/Area,United Republic of Tanzania,2020,16.6865,381.393,205.574,175.82
TZA,Country/Area,United Republic of Tanzania,2021,16.7923,395.72,212.943,182.777
TZA,Country/Area,United Republic of Tanzania,2022,16.9028,390.529,210.628,179.9
TZA,Country/Area,United Republic of Tanzania,2023,17.0237,380.195,205.577,174.618
ZMB,Country/Area,Zambia,2019,16.5936,120.73,65.639,55.091
ZMB,Country/Area,Zambia,2020,16.7634,124.943,67.851,57.092
ZMB,Country/Area,Zambia,2021,16.9267,135.787,73.694,62.093
ZMB,Country/Area,Zambia,2022,17.0874,134.488,73.154,61.335
ZMB,Country/Area,Zambia,2023,17.2576,129.554,70.785,58.769
ZWE,Country/Area,Zimbabwe,2019,17.6663,123.744,63.152,60.592
ZWE,Country/Area,Zimbabwe,2020,17.8657,127.551,66.267,61.284
ZWE,Country/Area,Zimbabwe,2021,18.0539,144.973,75.309,69.665
ZWE,Country/Area,Zimbabwe,2022,18.2356,146,75.369,70.631
ZWE,Country/Area,Zimbabwe,2023,18.4373,129.293,65.782,63.512
,Subregion,Middle Africa,2019,16.0167,1634.795,871.969,762.826
,Subregion,Middle Africa,2020,16.0258,1708.442,914.772,793.67
,Subregion,Middle Africa,2021,16.0377,1792.475,966.419,826.056
,Subregion,Middle Africa,2022,16.0584,1789.635,964.043,825.592
,Subregion,Middle Africa,2023,16.1021,1752.887,940.642,812.245
AGO,Country/Area,Angola,2019,16.115,252.53,136.79,115.74
AGO,Country/Area,Angola,2020,16.1488,261.489,143.098,118.39
AGO,Country/Area,Angola,2021,16.1844,276.278,150.515,125.763
AGO,Country/Area,Angola,2022,16.238,279.899,152.181,127.718
AGO,Country/Area,Angola,2023,16.3127,269.133,146.415,122.718
CMR,Country/Area,Cameroon,2019,17.326,210.457,110.417,100.04
CMR,Country/Area,Cameroon,2020,17.3894,223.08,118.97,104.109
CMR,Country/Area,Cameroon,2021,17.4617,233.498,123.801,109.697
CMR,Country/Area,Cameroon,2022,17.5513,229.648,121.29,108.358
CMR,Country/Area,Cameroon,2023,17.6634,222.073,117.199,104.873
CAF,Country/Area,Central African Republic,2019,14.5944,56.856,30.714,26.142
CAF,Country/Area,Central African Republic,2020,14.6819,59.147,32.051,27.097
CAF,Country/Area,Central African Republic,2021,14.6878,62.683,34.235,28.448
CAF,Country/Area,Central African Republic,2022,14.7052,61.49,33.428,28.062
CAF,Country/Area,Central African Republic,2023,14.8214,60.096,32.402,27.694
TCD,Country/Area,Chad,2019,14.8979,199.589,105.916,93.673
TCD,Country/Area,Chad,2020,14.936,207.827,110.132,97.696
TCD,Country/Area,Chad,2021,14.997,214.803,114.403,100.4
TCD,Country/Area,Chad,2022,15.0585,215.543,114.897,100.647
TCD,Country/Area,Chad,2023,15.1242,214.94,114.431,100.509
COG,Country/Area,Congo,2019,18.0375,41.179,21.508,19.67
COG,Country/Area,Congo,2020,18.0851,39.496,20.904,18.592
COG,Country/Area,Congo,2021,18.1618,41.238,21.595,19.643
COG,Country/Area,Congo,2022,18.2622,43.439,22.927,20.512
COG,Country/Area,Congo,2023,18.3889,44.069,23.305,20.765
COD,Country/Area,Democratic Republic of the Congo,2019,15.6242,844.29,450.013,394.277
COD,Country/Area,Democratic Republic of the Congo,2020,15.5977,885.793,471.739,414.053
COD,Country/Area,Democratic Republic of the Congo,2021,15.5746,930.839,503.135,427.704
COD,Country/Area,Democratic Republic of the Congo,2022,15.5557,926.282,500.472,425.81
COD,Country/Area,Democratic Republic of the Congo,2023,15.5598,909.87,488.424,421.446
GNQ,Country/Area,Equatorial Guinea,2019,20.9734,13.265,7.295,5.971
GNQ,Country/Area,Equatorial Guinea,2020,20.9741,14.407,8.08,6.327
GNQ,Country/Area,Equatorial Guinea,2021,20.9023,14.75,8.249,6.501
GNQ,Country/Area,Equatorial Guinea,2022,20.8209,14.569,8.154,6.415
GNQ,Country/Area,Equatorial Guinea,2023,20.7085,14.186,7.946,6.24
GAB,Country/Area,Gabon,2019,21.4968,15.369,8.61,6.759
GAB,Country/Area,Gabon,2020,21.5594,15.833,9.022,6.811
GAB,Country/Area,Gabon,2021,21.6152,16.987,9.706,7.281
GAB,Country/Area,Gabon,2022,21.6659,17.453,9.958,7.496
GAB,Country/Area,Gabon,2023,21.7291,17.175,9.765,7.41
STP,Country/Area,Sao Tome and Principe,2019,18.0254,1.266,0.714,0.552
STP,Country/Area,Sao Tome and Principe,2020,18.1858,1.376,0.779,0.598
STP,Country/Area,Sao Tome and Principe,2021,18.3665,1.428,0.796,0.632
STP,Country/Area,Sao Tome and Principe,2022,18.5527,1.329,0.752,0.578
STP,Country/Area,Sao Tome and Principe,2023,18.7463,1.351,0.765,0.587
,Subregion,Northern Africa,2019,24.2734,1380.929,757.965,622.964
,Subregion,Northern Africa,2020,24.4119,1505.426,833.349,672.077
,Subregion,Northern Africa,2021,24.5357,1572.359,866.87,705.489
,Subregion,Northern Africa,2022,24.6554,1570.99,861.148,709.842
,Subregion,Northern Africa,2023,24.7808,1528.044,839.952,688.092
DZA,Country/Area,Algeria,2019,27.4088,187.62,100.41,87.21
DZA,Country/Area,Algeria,2020,27.605,234.547,126.926,107.621
DZA,Country/Area,Algeria,2021,27.8005,200.842,109.915,90.927
DZA,Country/Area,Algeria,2022,28.0155,194.387,103.969,90.417
DZA,Country/Area,Algeria,2023,28.2368,198.17,106.124,92.046
EGY,Country/Area,Egypt,2019,23.6698,589.548,315.728,273.82
EGY,Country/Area,Egypt,2020,23.8099,628.726,339.187,289.539
EGY,Country/Area,Egypt,2021,23.9392,691.381,372.068,319.313
EGY,Country/Area,Egypt,2022,24.064,709.349,382.589,326.76
EGY,Country/Area,Egypt,2023,24.2046,680.946,368.498,312.448
LBY,Country/Area,Libya,2019,25.8421,35.826,21.11,14.715
LBY,Country/Area,Libya,2020,26.0549,37.248,21.468,15.779
LBY,Country/Area,Libya,2021,26.2733,40.532,22.793,17.738
LBY,Country/Area,Libya,2022,26.5079,40.561,22.902,17.659
LBY,Country/Area,Libya,2023,26.7766,37.607,22.101,15.506
MAR,Country/Area,Morocco,2019,28.0086,205.653,115.604,90.049
MAR,Country/Area,Morocco,2020,28.3545,222.905,127.299,95.606
MAR,Country/Area,Morocco,2021,28.6735,228.888,130.027,98.862
MAR,Country/Area,Morocco,2022,28.984,216.097,120.766,95.331
MAR,Country/Area,Morocco,2023,29.2789,220.336,123.014,97.323
SDN,Country/Area,Sudan,2019,18.2155,284.869,159.54,125.329
SDN,Country/Area,Sudan,2020,18.3051,296.441,166.33,130.11
SDN,Country/Area,Sudan,2021,18.3948,310.515,173.951,136.565
SDN,Country/Area,Sudan,2022,18.48,313.059,175.197,137.862
SDN,Country/Area,Sudan,2023,18.5645,312.356,174.701,137.655
TUN,Country/Area,Tunisia,2019,31.078,74.09,43.56,30.53
TUN,Country/Area,Tunisia,2020,31.4276,82.136,50.069,32.067
TUN,Country/Area,Tunisia,2021,31.7391,96.709,55.99,40.719
TUN,Country/Area,Tunisia,2022,32.0259,93.918,53.525,40.392
TUN,Country/Area,Tunisia,2023,32.3372,74.918,43.251,31.667
ESH,Country/Area,Western Sahara,2019,30.1662,3.318,2.009,1.309
ESH,Country/Area,Western Sahara,2020,30.5369,3.422,2.073,1.35
ESH,Country/Area,Western Sahara,2021,30.917,3.497,2.126,1.371
ESH,Country/Area,Western Sahara,2022,31.2718,3.61,2.196,1.414
ESH,Country/Area,Western Sahara,2023,31.5929,3.72,2.265,1.455
,Subregion,Southern Africa,2019,26.0462,577.428,294.81,282.618
,Subregion,Southern Africa,2020,26.3048,633.074,318.059,315.015
,Subregion,Southern Africa,2021,26.5244,776.322,386.049,390.273
,Subregion,Southern Africa,2022,26.7133,814.511,405.426,409.085
,Subregion,Southern Africa,2023,26.9047,739.944,372.294,367.65
BWA,Country/Area,Botswana,2019,23.1273,17.423,9.261,8.162
BWA,Country/Area,Botswana,2020,23.3287,17.69,9.388,8.301
BWA,Country/Area,Botswana,2021,23.4833,24.478,12.958,11.52
BWA,Country/Area,Botswana,2022,23.6383,18.131,9.668,8.463
BWA,Country/Area,Botswana,2023,23.8353,18.506,9.884,8.622
SWZ,Country/Area,Eswatini,2019,21.0122,10.48,5.882,4.597
SWZ,Country/Area,Eswatini,2020,21.2708,11.361,6.412,4.948
SWZ,Country/Area,Eswatini,2021,21.4769,13.566,7.684,5.882
SWZ,Country/Area,Eswatini,2022,21.6189,14.312,8.108,6.204
SWZ,Country/Area,Eswatini,2023,21.7288,13.219,7.454,5.765
LSO,Country/Area,Lesotho,2019,21.7363,28.984,15.348,13.636
LSO,Country/Area,Lesotho,2020,21.9274,28.992,15.33,13.662
LSO,Country/Area,Lesotho,2021,22.0824,32.376,17.126,15.25
LSO,Country/Area,Lesotho,2022,22.19,32.469,17.194,15.275
LSO,Country/Area,Lesotho,2023,22.2887,29.397,15.584,13.813
NAM,Country/Area,Namibia,2019,21.0909,20.216,10.919,9.297
NAM,Country/Area,Namibia,2020,21.2317,21.112,11.512,9.6
NAM,Country/Area,Namibia,2021,21.3395,27.119,14.685,12.434
NAM,Country/Area,Namibia,2022,21.3983,29.431,15.859,13.573
NAM,Country/Area,Namibia,2023,21.4417,26.638,14.326,12.312
ZAF,Country/Area,South Africa,2019,26.6346,500.327,253.398,246.929
ZAF,Country/Area,South Africa,2020,26.9097,553.914,275.417,278.497
ZAF,Country/Area,South Africa,2021,27.1455,678.798,333.602,345.196
ZAF,Country/Area,South Africa,2022,27.3515,720.175,354.597,365.578
ZAF,Country/Area,South Africa,2023,27.5629,652.181,325.042,327.139
,Subregion,Western Africa,2019,16.9912,4230.729,2171.391,2059.338
,Subregion,Western Africa,2020,17.0798,4383.689,2263.583,2120.106
,Subregion,Western Africa,2021,17.1732,4524.72,2333.797,2190.923
,Subregion,Western Africa,2022,17.2756,4452.235,2293.843,2158.392
,Subregion,Western Africa,2023,17.3946,4452.637,2297.251,2155.386
BEN,Country/Area,Benin,2019,17.357,113.67,59.126,54.543
BEN,Country/Area,Benin,2020,17.4067,118.4,61.543,56.856
BEN,Country/Area,Benin,2021,17.4613,122.627,64.341,58.286
BEN,Country/Area,Benin,2022,17.5273,124.512,65.672,58.84
BEN,Country/Area,Benin,2023,17.6096,124.328,65.628,58.7
BFA,Country/Area,Burkina Faso,2019,16.3473,183.463,95.285,88.178
BFA,Country/Area,Burkina Faso,2020,16.4632,189.721,98.692,91.029
BFA,Country/Area,Burkina Faso,2021,16.5914,198.073,102.139,95.934
BFA,Country/Area,Burkina Faso,2022,16.7241,196.524,101.475,95.049
BFA,Country/Area,Burkina Faso,2023,16.872,192.1,99.797,92.303
CPV,Country/Area,Cabo Verde,2019,25.5633,2.982,1.596,1.386
CPV,Country/Area,Cabo Verde,2020,26.0354,3.32,1.787,1.533
CPV,Country/Area,Cabo Verde,2021,26.4982,3.548,1.904,1.644
CPV,Country/Area,Cabo Verde,2022,26.961,3.36,1.799,1.561
CPV,Country/Area,Cabo Verde,2023,27.4404,2.808,1.504,1.304
CIV,Country/Area,Côte d'Ivoire,2019,17.3064,228.296,123.179,105.118
CIV,Country/Area,Côte d'Ivoire,2020,17.4548,236.477,127.97,108.507
CIV,Country/Area,Côte d'Ivoire,2021,17.5988,247.449,134.045,113.404
CIV,Country/Area,Côte d'Ivoire,2022,17.752,249.029,134.756,114.273
CIV,Country/Area,Côte d'Ivoire,2023,17.9234,241.082,130.06,111.022
GMB,Country/Area,Gambia,2019,16.5054,17.577,9.269,8.308
GMB,Country/Area,Gambia,2020,16.6518,18.986,10.093,8.893
GMB,Country/Area,Gambia,2021,16.8131,19.923,10.481,9.442
GMB,Country/Area,Gambia,2022,16.9858,19.327,10.168,9.158
GMB,Country/Area,Gambia,2023,17.1712,18.377,9.724,8.653
GHA,Country/Area,Ghana,2019,20.1027,225.241,121.638,103.603
GHA,Country/Area,Ghana,2020,20.2261,239.693,130.463,109.23
GHA,Country/Area,Ghana,2021,20.3669,250.471,135.669,114.802
GHA,Country/Area,Ghana,2022,20.5237,253.955,137.215,116.74
GHA,Country/Area,Ghana,2023,20.699,250.41,135.366,115.044
GIN,Country/Area,Guinea,2019,17.4279,125.096,62.806,62.291
GIN,Country/Area,Guinea,2020,17.5761,130.06,65.245,64.815
GIN,Country/Area,Guinea,2021,17.7129,135.224,67.943,67.281
GIN,Country/Area,Guinea,2022,17.849,136.815,68.883,67.932
GIN,Country/Area,Guinea,2023,17.9984,135.342,68.376,66.966
GNB,Country/Area,Guinea-Bissau,2019,17.9165,16.175,8.503,7.672
GNB,Country/Area,Guinea-Bissau,2020,18.0871,17.29,9.166,8.124
GNB,Country/Area,Guinea-Bissau,2021,18.26,17.969,9.436,8.534
GNB,Country/Area,Guinea-Bissau,2022,18.4444,18.109,9.462,8.647
GNB,Country/Area,Guinea-Bissau,2023,18.6473,17.777,9.3,8.477
LBR,Country/Area,Liberia,2019,17.6669,43.248,22.168,21.079
LBR,Country/Area,Liberia,2020,17.796,44.578,23.073,21.505
LBR,Country/Area,Liberia,2021,17.9447,45.955,23.654,22.301
LBR,Country/Area,Liberia,2022,18.1107,45.796,23.527,22.27
LBR,Country/Area,Liberia,2023,18.3035,44.244,22.764,21.48
MLI,Country/Area,Mali,2019,14.9268,189.579,99.049,90.53
MLI,Country/Area,Mali,2020,14.9952,202.371,106.288,96.083
MLI,Country/Area,Mali,2021,15.0803,203.297,107.223,96.075
MLI,Country/Area,Mali,2022,15.1654,202.466,106.94,95.526
MLI,Country/Area,Mali,2023,15.2554,202.137,106.638,95.499
MRT,Country/Area,Mauritania,2019,17.3128,30.716,16.662,14.054
MRT,Country/Area,Mauritania,2020,17.4363,33.598,18.089,15.509
MRT,Country/Area,Mauritania,2021,17.5654,34.347,18.384,15.963
MRT,Country/Area,Mauritania,2022,17.7131,34.111,18.26,15.85
MRT,Country/Area,Mauritania,2023,17.886,32.978,17.721,15.257
NER,Country/Area,Niger,2019,14.4294,183.574,95.055,88.519
NER,Country/Area,Niger,2020,14.4439,201.622,104.108,97.514
NER,Country/Area,Niger,2021,14.4616,205.694,107.266,98.428
NER,Country/Area,Niger,2022,14.4858,205.414,107.856,97.558
NER,Country/Area,Niger,2023,14.522,204.441,107.6,96.841
NGA,Country/Area,Nigeria,2019,16.8553,2641.681,1337.011,1304.671
NGA,Country/Area,Nigeria,2020,16.9353,2708.008,1382.264,1325.744
NGA,Country/Area,Nigeria,2021,17.0199,2792.704,1422.524,1370.181
NGA,Country/Area,Nigeria,2022,17.1166,2717.203,1380.004,1337.199
NGA,Country/Area,Nigeria,2023,17.2319,2747.861,1397.828,1350.034
SHN,Country/Area,Saint Helena,2019,48.5533,0.079,0.049,0.03
SHN,Country/Area,Saint Helena,2020,49.3146,0.082,0.051,0.031
SHN,Country/Area,Saint Helena,2021,50.8733,0.087,0.053,0.034
SHN,Country/Area,Saint Helena,2022,52.2943,0.096,0.059,0.037
SHN,Country/Area,Saint Helena,2023,52.5993,0.096,0.059,0.037
SEN,Country/Area,Senegal,2019,17.5318,86.623,46.761,39.862
SEN,Country/Area,Senegal,2020,17.6495,91.832,48.867,42.965
SEN,Country/Area,Senegal,2021,17.7732,99.995,52.681,47.314
SEN,Country/Area,Senegal,2022,17.8995,96.14,50.989,45.152
SEN,Country/Area,Senegal,2023,18.0351,88.621,47.621,41
SLE,Country/Area,Sierra Leone,2019,18.4267,72.96,37.805,35.155
SLE,Country/Area,Sierra Leone,2020,18.627,76.54,39.765,36.775
SLE,Country/Area,Sierra Leone,2021,18.8317,76.745,39.75,36.995
SLE,Country/Area,Sierra Leone,2022,19.0465,76.691,39.694,36.997
SLE,Country/Area,Sierra Leone,2023,19.2717,76.363,39.592,36.771
TGO,Country/Area,Togo,2019,18.4275,69.792,35.434,34.358
TGO,Country/Area,Togo,2020,18.534,71.077,36.085,34.992
TGO,Country/Area,Togo,2021,18.6519,70.622,36.307,34.314
TGO,Country/Area,Togo,2022,18.7787,72.689,37.085,35.604
TGO,Country/Area,Togo,2023,18.9108,73.701,37.68,36.021
,Geographic region,Asia,2019,30.464,31476.205,17344.672,14131.533
,Geographic region,Asia,2020,30.8321,33775.729,18739.913,15035.816
,Geographic region,Asia,2021,31.1945,38150.4,21029.07,17121.33
,Geographic region,Asia,2022,31.5598,36904.469,20256.365,16648.104
,Geographic region,Asia,2023,31.9415,32905.276,18075.17,14830.106
,Subregion,Central Asia,2019,25.9956,474.907,255.15,219.757
,Subregion,Central Asia,2020,26.1378,547.797,296.427,251.37
,Subregion,Central Asia,2021,26.2548,543.603,291.438,252.165
,Subregion,Central Asia,2022,26.3813,533.915,286.227,247.688
,Subregion,Central Asia,2023,26.5094,523.528,280.937,242.591
KAZ,Country/Area,Kazakhstan,2019,29.381,153.401,79.701,73.7
KAZ,Country/Area,Kazakhstan,2020,29.4967,179.002,96.151,82.851
KAZ,Country/Area,Kazakhstan,2021,29.5342,196.49,101.482,95.008
KAZ,Country/Area,Kazakhstan,2022,29.5377,197.515,100.472,97.043
KAZ,Country/Area,Kazakhstan,2023,29.5271,183.014,92.697,90.317
KGZ,Country/Area,Kyrgyzstan,2019,23.5659,35.261,20.556,14.705
KGZ,Country/Area,Kyrgyzstan,2020,23.6475,41.18,23.873,17.307
KGZ,Country/Area,Kyrgyzstan,2021,23.7379,40.495,23.83,16.665
KGZ,Country/Area,Kyrgyzstan,2022,23.8185,39.665,23.474,16.19
KGZ,Country/Area,Kyrgyzstan,2023,23.9094,38.083,22.411,15.672
TJK,Country/Area,Tajikistan,2019,21.2209,45.238,25.553,19.686
TJK,Country/Area,Tajikistan,2020,21.3383,58.418,32.968,25.45
TJK,Country/Area,Tajikistan,2021,21.4675,44.345,25.058,19.287
TJK,Country/Area,Tajikistan,2022,21.6115,46.771,26.547,20.223
TJK,Country/Area,Tajikistan,2023,21.7553,47.579,27.02,20.56
TKM,Country/Area,Turkmenistan,2019,25.3452,40.564,22.738,17.827
TKM,Country/Area,Turkmenistan,2020,25.5944,42.735,23.676,19.059
TKM,Country/Area,Turkmenistan,2021,25.8394,41.769,23.356,18.413
TKM,Country/Area,Turkmenistan,2022,26.081,42.353,23.747,18.606
TKM,Country/Area,Turkmenistan,2023,26.3154,43.133,24.197,18.936
UZB,Country/Area,Uzbekistan,2019,26.1994,200.442,106.597,93.844
UZB,Country/Area,Uzbekistan,2020,26.405,226.461,119.765,106.696
UZB,Country/Area,Uzbekistan,2021,26.5906,220.493,117.703,102.79
UZB,Country/Area,Uzbekistan,2022,26.7958,207.601,111.98,95.621
UZB,Country/Area,Uzbekistan,2023,27.0151,211.731,114.621,97.11
,Subregion,Eastern Asia,2019,37.9867,12361.137,6892.303,5468.834
,Subregion,Eastern Asia,2020,38.4139,12659.689,7120.457,5539.232
,Subregion,Eastern Asia,2021,38.8847,13022.282,7295.911,5726.371
,Subregion,Eastern Asia,2022,39.3885,12939.428,7151.958,5787.47
,Subregion,Eastern Asia,2023,39.8927,13143.178,7251.062,5892.116
CHN,Country/Area,China,2019,36.9663,10063.245,5713.89,4349.355
CHN,Country/Area,China,2020,37.4379,10346.232,5930.739,4415.492
CHN,Country/Area,China,2021,37.9478,10617.528,6060.654,4556.874
CHN,Country/Area,China,2022,38.4667,10522.51,5908.321,4614.189
CHN,Country/Area,China,2023,38.9811,10705.689,5993.726,4711.963
HKG,Country/Area,"China, Hong Kong SAR",2019,43.7775,51.005,28.282,22.723
HKG,Country/Area,"China, Hong Kong SAR",2020,44.3052,53.408,30.255,23.153
HKG,Country/Area,"China, Hong Kong SAR",2021,44.8638,53.764,29.876,23.888
HKG,Country/Area,"China, Hong Kong SAR",2022,45.3801,62.496,33.687,28.809
HKG,Country/Area,"China, Hong Kong SAR",2023,45.8564,55.349,30.669,24.681
MAC,Country/Area,"China, Macao SAR",2019,36.9095,2.625,1.449,1.176
MAC,Country/Area,"China, Macao SAR",2020,37.1881,2.718,1.505,1.213
MAC,Country/Area,"China, Macao SAR",2021,37.5794,2.813,1.557,1.256
MAC,Country/Area,"China, Macao SAR",2022,38.0493,2.948,1.644,1.304
MAC,Country/Area,"China, Macao SAR",2023,38.5081,3.038,1.698,1.34
TWN,Country/Area,"China, Taiwan Province of China",2019,40.2149,170.083,99.745,70.338
TWN,Country/Area,"China, Taiwan Province of China",2020,40.7799,172.149,100.513,71.637
TWN,Country/Area,"China, Taiwan Province of China",2021,41.346,176.533,103.084,73.449
TWN,Country/Area,"China, Taiwan Province of China",2022,41.9099,179.016,102.963,76.053
TWN,Country/Area,"China, Taiwan Province of China",2023,42.4717,182.09,104.14,77.95
PRK,Country/Area,Dem. People's Republic of Korea,2019,35.1463,228.682,104.916,123.766
PRK,Country/Area,Dem. People's Republic of Korea,2020,35.3876,234.829,108.135,126.695
PRK,Country/Area,Dem. People's Republic of Korea,2021,35.6291,241.887,112.375,129.512
PRK,Country/Area,Dem. People's Republic of Korea,2022,35.8759,243.813,116.432,127.381
PRK,Country/Area,Dem. People's Republic of Korea,2023,36.1306,248.321,119.728,128.593
JPN,Country/Area,Japan,2019,47.5722,1519.227,764.456,754.77
JPN,Country/Area,Japan,2020,47.9829,1511.209,763.939,747.269
JPN,Country/Area,Japan,2021,48.3613,1574.533,795.433,779.1
JPN,Country/Area,Japan,2022,48.7449,1567.933,790.805,777.129
JPN,Country/Area,Japan,2023,49.1402,1574.865,795.972,778.893
MNG,Country/Area,Mongolia,2019,26.5676,17.738,10.958,6.779
MNG,Country/Area,Mongolia,2020,26.7042,18.03,11.161,6.869
MNG,Country/Area,Mongolia,2021,26.7928,20.52,12.497,8.023
MNG,Country/Area,Mongolia,2022,26.8712,18.619,11.394,7.225
MNG,Country/Area,Mongolia,2023,27.0085,18.915,11.546,7.37
KOR,Country/Area,Republic of Korea,2019,42.1675,308.519,168.602,139.917
KOR,Country/Area,Republic of Korea,2020,42.7573,321.11,174.204,146.906
KOR,Country/Area,Republic of Korea,2021,43.3504,334.677,180.423,154.253
KOR,Country/Area,Republic of Korea,2022,43.9282,342.113,186.72,155.392
KOR,Country/Area,Republic of Korea,2023,44.499,354.92,193.587,161.334
,Subregion,Southern Asia,2019,25.8974,12706.808,6938.384,5768.424
,Subregion,Southern Asia,2020,26.2186,13975.974,7697.397,6278.577
,Subregion,Southern Asia,2021,26.513,17183.095,9383.597,7799.498
,Subregion,Southern Asia,2022,26.7939,16624.226,9086.318,7537.908
,Subregion,Southern Asia,2023,27.1087,12966.257,7099.049,5867.208
AFG,Country/Area,Afghanistan,2019,16.3254,256.564,146.021,110.543
AFG,Country/Area,Afghanistan,2020,16.5515,276.683,155.192,121.492
AFG,Country/Area,Afghanistan,2021,16.7338,295.236,168.877,126.359
AFG,Country/Area,Afghanistan,2022,16.8702,284.297,163.41,120.887
AFG,Country/Area,Afghanistan,2023,17.0337,268.054,153.79,114.264
BGD,Country/Area,Bangladesh,2019,25.5366,874.931,498.912,376.019
BGD,Country/Area,Bangladesh,2020,25.9071,973.853,544.195,429.658
BGD,Country/Area,Bangladesh,2021,26.2804,962.479,528.384,434.094
BGD,Country/Area,Bangladesh,2022,26.666,907.425,512.689,394.737
BGD,Country/Area,Bangladesh,2023,27.0588,919.31,518.573,400.737
BTN,Country/Area,Bhutan,2019,27.0109,5.083,2.874,2.209
BTN,Country/Area,Bhutan,2020,27.598,5.055,2.872,2.183
BTN,Country/Area,Bhutan,2021,28.1862,5.035,2.864,2.171
BTN,Country/Area,Bhutan,2022,28.7737,4.972,2.815,2.158
BTN,Country/Area,Bhutan,2023,29.3598,4.968,2.816,2.152
IND,Country/Area,India,2019,26.9288,9280.916,5002.481,4278.435
IND,Country/Area,India,2020,27.2833,10262.275,5602.755,4659.52
IND,Country/Area,India,2021,27.6031,13299.618,7212.22,6087.398
IND,Country/Area,India,2022,27.9028,12862.015,6968.129,5893.887
IND,Country/Area,India,2023,28.2452,9368.327,5079.472,4288.855
IRN,Country/Area,Iran (Islamic Republic of),2019,30.8448,421.485,245.845,175.64
IRN,Country/Area,Iran (Islamic Republic of),2020,31.3891,486.271,282.905,203.366
IRN,Country/Area,Iran (Islamic Republic of),2021,31.9215,565.768,324.854,240.914
IRN,Country/Area,Iran (Islamic Republic of),2022,32.4471,544.855,312.931,231.924
IRN,Country/Area,Iran (Islamic Republic of),2023,32.997,448.129,259.879,188.249
MDV,Country/Area,Maldives,2019,29.2725,1.432,0.864,0.568
MDV,Country/Area,Maldives,2020,29.9189,1.542,0.95,0.591
MDV,Country/Area,Maldives,2021,30.5858,1.573,0.942,0.631
MDV,Country/Area,Maldives,2022,31.3068,1.466,0.868,0.597
MDV,Country/Area,Maldives,2023,32.1029,1.477,0.87,0.607
NPL,Country/Area,Nepal,2019,22.8497,198.367,104.528,93.839
NPL,Country/Area,Nepal,2020,23.2428,210.466,112.163,98.303
NPL,Country/Area,Nepal,2021,23.6543,232.398,123.617,108.781
NPL,Country/Area,Nepal,2022,24.037,203.387,107.888,95.5
NPL,Country/Area,Nepal,2023,24.4086,204.545,108.443,96.102
PAK,Country/Area,Pakistan,2019,19.801,1514.6,849.357,665.242
PAK,Country/Area,Pakistan,2020,19.9738,1606.293,909.051,697.242
PAK,Country/Area,Pakistan,2021,20.1674,1660.4,935.072,725.328
PAK,Country/Area,Pakistan,2022,20.3813,1656.456,928.595,727.861
PAK,Country/Area,Pakistan,2023,20.6187,1589.297,885.189,704.108
LKA,Country/Area,Sri Lanka,2019,31.9517,153.431,87.485,65.947
LKA,Country/Area,Sri Lanka,2020,32.2157,153.533,87.304,66.229
LKA,Country/Area,Sri Lanka,2021,32.473,160.593,86.768,73.825
LKA,Country/Area,Sri Lanka,2022,32.727,159.362,89.005,70.357
LKA,Country/Area,Sri Lanka,2023,32.9847,162.146,90.013,72.133
,Subregion,South-Eastern Asia,2019,29.2669,4617.596,2519.959,2097.637
,Subregion,South-Eastern Asia,2020,29.5605,5014.248,2739.786,2274.462
,Subregion,South-Eastern Asia,2021,29.8312,5802.904,3161.92,2640.984
,Subregion,South-Eastern Asia,2022,30.1021,5353.725,2916.83,2436.895
,Subregion,South-Eastern Asia,2023,30.3995,4840.03,2640.863,2199.167
BRN,Country/Area,Brunei Darussalam,2019,30.8387,2.119,1.218,0.901
BRN,Country/Area,Brunei Darussalam,2020,31.3349,2.198,1.263,0.936
BRN,Country/Area,Brunei Darussalam,2021,31.8217,2.321,1.332,0.989
BRN,Country/Area,Brunei Darussalam,2022,32.295,2.438,1.398,1.04
BRN,Country/Area,Brunei Darussalam,2023,32.7549,2.544,1.458,1.086
KHM,Country/Area,Cambodia,2019,25.7968,96.545,50.002,46.543
KHM,Country/Area,Cambodia,2020,26.1882,102.187,53.334,48.853
KHM,Country/Area,Cambodia,2021,26.5155,113.507,60.447,53.06
KHM,Country/Area,Cambodia,2022,26.8049,113.868,60.664,53.203
KHM,Country/Area,Cambodia,2023,27.0869,103.666,53.753,49.914
IDN,Country/Area,Indonesia,2019,29.0174,2032.338,1079.578,952.76
IDN,Country/Area,Indonesia,2020,29.2499,2436.95,1304.473,1132.477
IDN,Country/Area,Indonesia,2021,29.4445,2755.19,1468.811,1286.38
IDN,Country/Area,Indonesia,2022,29.6337,2642.122,1407.703,1234.419
IDN,Country/Area,Indonesia,2023,29.8663,2088.651,1112.06,976.59
LAO,Country/Area,Lao People's Democratic Republic,2019,23.1794,46.948,25.61,21.338
LAO,Country/Area,Lao People's Democratic Republic,2020,23.48,46.627,25.535,21.091
LAO,Country/Area,Lao People's Democratic Republic,2021,23.7794,49.136,26.742,22.394
LAO,Country/Area,Lao People's Democratic Republic,2022,24.0839,46.673,25.569,21.104
LAO,Country/Area,Lao People's Democratic Republic,2023,24.4005,46.924,25.756,21.168
MYS,Country/Area,Malaysia,2019,29.0256,172.154,100.087,72.067
MYS,Country/Area,Malaysia,2020,29.4702,176.17,102.323,73.847
MYS,Country/Area,Malaysia,2021,29.9017,202.436,116.564,85.873
MYS,Country/Area,Malaysia,2022,30.3284,184.58,106.968,77.612
MYS,Country/Area,Malaysia,2023,30.7588,189.309,109.543,79.766
MMR,Country/Area,Myanmar,2019,28.4696,461.434,253.801,207.634
MMR,Country/Area,Myanmar,2020,28.7569,471.418,259.845,211.574
MMR,Country/Area,Myanmar,2021,29.0294,525.701,290.271,235.43
MMR,Country/Area,Myanmar,2022,29.3055,474.133,260.495,213.637
MMR,Country/Area,Myanmar,2023,29.5963,480.797,264.068,216.728
PHL,Country/Area,Philippines,2019,24.0125,619.189,323.366,295.823
PHL,Country/Area,Philippines,2020,24.2694,624.582,327.47,297.112
PHL,Country/Area,Philippines,2021,24.5013,832.888,444.321,388.567
PHL,Country/Area,Philippines,2022,24.7337,643.713,341.95,301.763
PHL,Country/Area,Philippines,2023,24.9902,659.081,351.686,307.396
SGP,Country/Area,Singapore,2019,40.7121,26.644,14.945,11.699
SGP,Country/Area,Singapore,2020,41.2316,29.992,17.017,12.975
SGP,Country/Area,Singapore,2021,41.782,31.862,17.68,14.182
SGP,Country/Area,Singapore,2022,42.3152,29.754,16.822,12.932
SGP,Country/Area,Singapore,2023,42.8309,31.06,17.57,13.49
THA,Country/Area,Thailand,2019,38.3461,509.091,302.842,206.249
THA,Country/Area,Thailand,2020,38.8121,519.058,307.468,211.591
THA,Country/Area,Thailand,2021,39.2712,567.168,332.102,235.065
THA,Country/Area,Thailand,2022,39.7405,536.683,311.311,225.372
THA,Country/Area,Thailand,2023,40.222,548.045,315.466,232.579
TLS,Country/Area,Timor-Leste,2019,19.6738,8.839,4.777,4.061
TLS,Country/Area,Timor-Leste,2020,19.9611,8.893,4.849,4.044
TLS,Country/Area,Timor-Leste,2021,20.2651,9.562,5.196,4.366
TLS,Country/Area,Timor-Leste,2022,20.5737,8.782,4.74,4.042
TLS,Country/Area,Timor-Leste,2023,20.8855,8.797,4.749,4.048
VNM,Country/Area,Viet Nam,2019,31.243,642.313,363.737,278.575
VNM,Country/Area,Viet Nam,2020,31.6336,596.182,336.22,259.962
VNM,Country/Area,Viet Nam,2021,32.0193,713.131,398.456,314.675
VNM,Country/Area,Viet Nam,2022,32.398,670.956,379.206,291.75
VNM,Country/Area,Viet Nam,2023,32.7857,681.157,384.758,296.399
,Subregion,Western Asia,2019,26.0963,1315.757,738.876,576.881
,Subregion,Western Asia,2020,26.3353,1578.021,885.846,692.175
,Subregion,Western Asia,2021,26.6058,1598.516,896.204,702.312
,Subregion,Western Asia,2022,26.8702,1453.175,815.032,638.143
,Subregion,Western Asia,2023,27.1228,1432.283,803.259,629.024
ARM,Country/Area,Armenia,2019,33.6764,27.37,14.201,13.169
ARM,Country/Area,Armenia,2020,34.0683,35.963,18.892,17.071
ARM,Country/Area,Armenia,2021,34.4046,36.379,19.696,16.683
ARM,Country/Area,Armenia,2022,34.7612,33.059,17.541,15.518
ARM,Country/Area,Armenia,2023,35.1752,26.125,12.89,13.235
AZE,Country/Area,Azerbaijan,2019,30.5652,65.871,34.846,31.024
AZE,Country/Area,Azerbaijan,2020,31.0083,110.16,61.078,49.082
AZE,Country/Area,Azerbaijan,2021,31.4378,94.932,54.551,40.381
AZE,Country/Area,Azerbaijan,2022,31.9253,66.736,35.613,31.123
AZE,Country/Area,Azerbaijan,2023,32.4556,68.264,36.471,31.793
BHR,Country/Area,Bahrain,2019,31.1607,3.005,1.838,1.167
BHR,Country/Area,Bahrain,2020,31.8662,3.362,2.035,1.327
BHR,Country/Area,Bahrain,2021,32.7458,3.638,2.203,1.436
BHR,Country/Area,Bahrain,2022,33.3019,3.645,2.215,1.43
BHR,Country/Area,Bahrain,2023,33.6143,3.305,2.012,1.292
CYP,Country/Area,Cyprus,2019,36.6372,8.301,4.364,3.937
CYP,Country/Area,Cyprus,2020,37.1006,8.566,4.599,3.967
CYP,Country/Area,Cyprus,2021,37.5875,9.021,4.815,4.206
CYP,Country/Area,Cyprus,2022,38.0711,8.706,4.506,4.2
CYP,Country/Area,Cyprus,2023,38.5457,8.861,4.576,4.284
GEO,Country/Area,Georgia,2019,36.2025,48.588,25.944,22.643
GEO,Country/Area,Georgia,2020,36.2984,52.643,28.036,24.606
GEO,Country/Area,Georgia,2021,36.3701,57.023,29.635,27.388
GEO,Country/Area,Georgia,2022,36.4617,56.971,29.177,27.794
GEO,Country/Area,Georgia,2023,36.619,52.103,26.569,25.534
IRQ,Country/Area,Iraq,2019,19.3618,178.861,92.811,86.05
IRQ,Country/Area,Iraq,2020,19.5796,222.816,116.31,106.506
IRQ,Country/Area,Iraq,2021,19.7924,207.099,108.431,98.668
IRQ,Country/Area,Iraq,2022,20.0129,197.27,103.348,93.922
IRQ,Country/Area,Iraq,2023,20.2373,193.126,101.32,91.806
ISR,Country/Area,Israel,2019,28.9605,45.172,22.733,22.44
ISR,Country/Area,Israel,2020,28.9923,48.137,24.853,23.284
ISR,Country/Area,Israel,2021,29.0444,49.845,25.517,24.327
ISR,Country/Area,Israel,2022,29.0905,49.521,25.136,24.384
ISR,Country/Area,Israel,2023,29.1425,47.374,23.737,23.637
JOR,Country/Area,Jordan,2019,22.7417,33.639,19.768,13.871
JOR,Country/Area,Jordan,2020,23.0845,37.948,22.452,15.496
JOR,Country/Area,Jordan,2021,23.4092,43.1,25.338,17.762
JOR,Country/Area,Jordan,2022,23.7162,44.937,26.298,18.639
JOR,Country/Area,Jordan,2023,24.0155,42.813,25.021,17.792
KWT,Country/Area,Kuwait,2019,36.1521,9.734,7.065,2.669
KWT,Country/Area,Kuwait,2020,37.2065,14.604,10.824,3.779
KWT,Country/Area,Kuwait,2021,38.3441,12.398,9.089,3.309
KWT,Country/Area,Kuwait,2022,39.1288,11.107,8.078,3.029
KWT,Country/Area,Kuwait,2023,39.8458,11.781,8.58,3.201
LBN,Country/Area,Lebanon,2019,28.1535,30.554,15.431,15.123
LBN,Country/Area,Lebanon,2020,28.0129,35.782,18.538,17.243
LBN,Country/Area,Lebanon,2021,28.2709,46.727,24.112,22.616
LBN,Country/Area,Lebanon,2022,28.5161,49.324,25.311,24.013
LBN,Country/Area,Lebanon,2023,28.8375,41.966,21.23,20.736
OMN,Country/Area,Oman,2019,28.8382,10.267,6.495,3.772
OMN,Country/Area,Oman,2020,28.8183,13.991,8.764,5.226
OMN,Country/Area,Oman,2021,28.7573,17.206,10.722,6.485
OMN,Country/Area,Oman,2022,28.914,15.011,9.287,5.724
OMN,Country/Area,Oman,2023,29.1885,9.352,5.691,3.661
QAT,Country/Area,Qatar,2019,31.2012,2.776,2.04,0.735
QAT,Country/Area,Qatar,2020,32.0001,3.465,2.515,0.95
QAT,Country/Area,Qatar,2021,33.0372,3.542,2.589,0.953
QAT,Country/Area,Qatar,2022,33.6074,2.91,2.119,0.791
QAT,Country/Area,Qatar,2023,33.8322,2.978,2.163,0.815
SAU,Country/Area,Saudi Arabia,2019,28.9189,94.839,60.407,34.431
SAU,Country/Area,Saudi Arabia,2020,29.2466,106.371,68.316,38.054
SAU,Country/Area,Saudi Arabia,2021,29.7795,103.14,66.522,36.618
SAU,Country/Area,Saudi Arabia,2022,30.2203,100.157,64.054,36.103
SAU,Country/Area,Saudi Arabia,2023,30.6458,103.805,66.606,37.198
PSE,Country/Area,State of Palestine,2019,18.8792,15.875,8.671,7.204
PSE,Country/Area,State of Palestine,2020,19.0354,17.535,9.66,7.875
PSE,Country/Area,State of Palestine,2021,19.2095,19.61,10.906,8.704
PSE,Country/Area,State of Palestine,2022,19.4001,20.244,11.264,8.98
PSE,Country/Area,State of Palestine,2023,19.6101,19.472,10.754,8.718
SYR,Country/Area,Syrian Arab Republic,2019,19.7248,99.931,58.665,41.267
SYR,Country/Area,Syrian Arab Republic,2020,20.3819,103.032,59.612,43.42
SYR,Country/Area,Syrian Arab Republic,2021,20.9386,108.607,61.615,46.992
SYR,Country/Area,Syrian Arab Republic,2022,21.5695,109.839,64.842,44.997
SYR,Country/Area,Syrian Arab Republic,2023,22.2489,115.683,68.615,47.068
TUR,Country/Area,Türkiye,2019,30.1807,424.871,236.717,188.155
TUR,Country/Area,Türkiye,2020,30.5636,536.806,298.282,238.524
TUR,Country/Area,Türkiye,2021,30.9259,542.597,299.044,243.552
TUR,Country/Area,Türkiye,2022,31.3232,436.097,241.628,194.469
TUR,Country/Area,Türkiye,2023,31.7592,445.281,246.135,199.146
ARE,Country/Area,United Arab Emirates,2019,31.3418,13.552,9.285,4.267
ARE,Country/Area,United Arab Emirates,2020,32.0104,16.406,10.992,5.414
ARE,Country/Area,United Arab Emirates,2021,32.8361,17.548,11.852,5.697
ARE,Country/Area,United Arab Emirates,2022,33.3439,17.609,11.993,5.616
ARE,Country/Area,United Arab Emirates,2023,33.5276,16.075,10.975,5.1
YEM,Country/Area,Yemen,2019,18.3558,202.552,117.592,84.96
YEM,Country/Area,Yemen,2020,18.5219,210.426,120.082,90.344
YEM,Country/Area,Yemen,2021,18.671,226.104,129.581,96.523
YEM,Country/Area,Yemen,2022,18.8385,230.064,132.651,97.413
YEM,Country/Area,Yemen,2023,19.0361,223.914,129.908,94.006
,Geographic region,Europe,2019,41.284,8020.246,4026.738,3993.508
,Geographic region,Europe,2020,41.5013,9119.281,4616.139,4503.142
,Geographic region,Europe,2021,41.6969,9656.398,4891.739,4764.659
,Geographic region,Europe,2022,41.9048,9479.231,4764.658,4714.573
,Geographic region,Europe,2023,42.1647,8255.083,4106.234,4148.849
,Subregion,Eastern Europe,2019,39.5212,3610.17,1832.942,1777.228
,Subregion,Eastern Europe,2020,39.7918,4179.308,2136.45,2042.858
,Subregion,Eastern Europe,2021,40.0303,4729.904,2398.22,2331.684
,Subregion,Eastern Europe,2022,40.2478,4776.505,2424.016,2352.489
,Subregion,Eastern Europe,2023,40.5164,3662.903,1830.278,1832.625
BLR,Country/Area,Belarus,2019,39.7091,134.161,69.064,65.097
BLR,Country/Area,Belarus,2020,39.9553,159.349,81.79,77.56
BLR,Country/Area,Belarus,2021,40.1702,158.349,81.494,76.856
BLR,Country/Area,Belarus,2022,40.4262,147.458,75.308,72.15
BLR,Country/Area,Belarus,2023,40.7318,125.412,63.484,61.928
BGR,Country/Area,Bulgaria,2019,43.9188,114.802,57.947,56.855
BGR,Country/Area,Bulgaria,2020,44.2735,131.998,67.998,64
BGR,Country/Area,Bulgaria,2021,44.532,153.894,77.889,76.005
BGR,Country/Area,Bulgaria,2022,44.6851,155.197,77.568,77.629
BGR,Country/Area,Bulgaria,2023,44.8273,135.83,67.96,67.869
CZE,Country/Area,Czechia,2019,41.8798,111.682,56.693,54.989
CZE,Country/Area,Czechia,2020,42.2465,124.567,63.816,60.751
CZE,Country/Area,Czechia,2021,42.6068,134.058,70.074,63.983
CZE,Country/Area,Czechia,2022,42.899,130.607,67.765,62.842
CZE,Country/Area,Czechia,2023,43.1578,112.1,56.479,55.621
HUN,Country/Area,Hungary,2019,42.1206,129.283,62.694,66.588
HUN,Country/Area,Hungary,2020,42.4566,140.677,68.518,72.159
HUN,Country/Area,Hungary,2021,42.7384,154.245,76.526,77.719
HUN,Country/Area,Hungary,2022,42.2639,149.893,73.72,76.174
HUN,Country/Area,Hungary,2023,41.9581,127.747,62.027,65.72
POL,Country/Area,Poland,2019,40.1702,410.825,212.014,198.81
POL,Country/Area,Poland,2020,40.5324,471.412,246.625,224.786
POL,Country/Area,Poland,2021,40.8707,502.541,261.969,240.572
POL,Country/Area,Poland,2022,40.2915,479.303,247.042,232.261
POL,Country/Area,Poland,2023,40.0323,416.348,214.05,202.297
MDA,Country/Area,Republic of Moldova,2019,35.5738,40.874,22.19,18.685
MDA,Country/Area,Republic of Moldova,2020,35.8316,44.655,24.19,20.465
MDA,Country/Area,Republic of Moldova,2021,36.0584,50.2,26.803,23.397
MDA,Country/Area,Republic of Moldova,2022,35.1557,50.509,26.829,23.68
MDA,Country/Area,Republic of Moldova,2023,34.706,47.888,25.735,22.153
ROU,Country/Area,Romania,2019,41.3343,247.408,129.921,117.487
ROU,Country/Area,Romania,2020,41.6356,281.742,150.44,131.302
ROU,Country/Area,Romania,2021,41.8733,314.232,162.731,151.501
ROU,Country/Area,Romania,2022,41.515,315.586,160.143,155.443
ROU,Country/Area,Romania,2023,41.2852,285.508,143.883,141.625
RUS,Country/Area,Russian Federation,2019,38.3402,1781.485,888.779,892.706
RUS,Country/Area,Russian Federation,2020,38.6009,2066.849,1059.666,1007.183
RUS,Country/Area,Russian Federation,2021,38.8114,2458.539,1229.393,1229.146
RUS,Country/Area,Russian Federation,2022,38.9512,2356.663,1196.168,1160.496
RUS,Country/Area,Russian Federation,2023,39.232,1738.708,862.478,876.23
SVK,Country/Area,Slovakia,2019,39.823,53.137,27.345,25.793
SVK,Country/Area,Slovakia,2020,40.222,59.217,30.454,28.763
SVK,Country/Area,Slovakia,2021,40.5719,72.471,37.337,35.133
SVK,Country/Area,Slovakia,2022,40.0585,70.326,36.109,34.217
SVK,Country/Area,Slovakia,2023,39.8184,54.916,28.253,26.663
UKR,Country/Area,Ukraine,2019,40.2286,586.531,306.31,280.221
UKR,Country/Area,Ukraine,2020,40.511,698.849,342.956,355.893
UKR,Country/Area,Ukraine,2021,40.7642,731.364,374.002,357.362
UKR,Country/Area,Ukraine,2022,42.8534,920.958,463.35,457.608
UKR,Country/Area,Ukraine,2023,44.6684,618.465,305.94,312.525
,Subregion,Northern Europe,2019,39.5614,945.15,468.204,476.946
,Subregion,Northern Europe,2020,39.7182,1052.92,528.85,524.07
,Subregion,Northern Europe,2021,39.8881,1049.03,530.074,518.956
,Subregion,Northern Europe,2022,40.0813,988.819,489.922,498.897
,Subregion,Northern Europe,2023,40.2887,985.615,489.245,496.37
DNK,Country/Area,Denmark,2019,41.1443,53.955,27.504,26.452
DNK,Country/Area,Denmark,2020,41.2176,54.744,27.973,26.771
DNK,Country/Area,Denmark,2021,41.2611,58.422,30.015,28.407
DNK,Country/Area,Denmark,2022,41.2913,55.539,28.473,27.066
DNK,Country/Area,Denmark,2023,41.31,56.275,28.872,27.403
EST,Country/Area,Estonia,2019,41.2155,15.474,7.253,8.221
EST,Country/Area,Estonia,2020,41.3723,16.18,7.595,8.586
EST,Country/Area,Estonia,2021,41.4742,18.826,8.92,9.906
EST,Country/Area,Estonia,2022,41.6302,15.506,7.141,8.365
EST,Country/Area,Estonia,2023,41.881,15.616,7.176,8.44
FRO,Country/Area,Faroe Islands,2019,38.0032,0.622,0.321,0.301
FRO,Country/Area,Faroe Islands,2020,37.9506,0.57,0.294,0.276
FRO,Country/Area,Faroe Islands,2021,37.8857,0.597,0.31,0.288
FRO,Country/Area,Faroe Islands,2022,37.7198,0.626,0.326,0.3
FRO,Country/Area,Faroe Islands,2023,37.561,0.612,0.321,0.291
FIN,Country/Area,Finland,2019,41.9727,53.997,27.071,26.926
FIN,Country/Area,Finland,2020,42.1777,55.208,27.832,27.376
FIN,Country/Area,Finland,2021,42.3676,57.283,29.05,28.234
FIN,Country/Area,Finland,2022,42.5611,56.171,28.064,28.107
FIN,Country/Area,Finland,2023,42.7587,56.64,28.319,28.321
GGY,Country/Area,Guernsey,2019,40.3852,0.54,0.271,0.27
GGY,Country/Area,Guernsey,2020,39.2691,0.517,0.265,0.252
GGY,Country/Area,Guernsey,2021,38.984,0.506,0.261,0.245
GGY,Country/Area,Guernsey,2022,39.1303,0.48,0.246,0.234
GGY,Country/Area,Guernsey,2023,39.4595,0.484,0.249,0.236
ISL,Country/Area,Iceland,2019,35.4861,2.413,1.23,1.183
ISL,Country/Area,Iceland,2020,35.6266,2.456,1.261,1.195
ISL,Country/Area,Iceland,2021,35.8576,2.512,1.299,1.214
ISL,Country/Area,Iceland,2022,36.1535,2.508,1.291,1.216
ISL,Country/Area,Iceland,2023,36.4538,2.536,1.307,1.229
IRL,Country/Area,Ireland,2019,36.8818,31.457,16.061,15.396
IRL,Country/Area,Ireland,2020,37.2536,32.911,16.704,16.206
IRL,Country/Area,Ireland,2021,37.6024,35.151,18.112,17.039
IRL,Country/Area,Ireland,2022,37.9529,33.121,17.033,16.088
IRL,Country/Area,Ireland,2023,38.3071,33.51,17.283,16.227
IMN,Country/Area,Isle of Man,2019,44.813,0.846,0.431,0.415
IMN,Country/Area,Isle of Man,2020,45.1052,0.874,0.449,0.425
IMN,Country/Area,Isle of Man,2021,45.3007,0.891,0.461,0.429
IMN,Country/Area,Isle of Man,2022,45.421,0.882,0.458,0.424
IMN,Country/Area,Isle of Man,2023,45.5623,0.865,0.446,0.419
JEY,Country/Area,Jersey,2019,39.6689,0.908,0.475,0.433
JEY,Country/Area,Jersey,2020,39.7113,0.933,0.488,0.444
JEY,Country/Area,Jersey,2021,39.7769,0.953,0.5,0.453
JEY,Country/Area,Jersey,2022,39.9244,0.95,0.498,0.452
JEY,Country/Area,Jersey,2023,40.145,0.922,0.481,0.441
LVA,Country/Area,Latvia,2019,43.1503,29.413,13.609,15.805
LVA,Country/Area,Latvia,2020,43.411,30.538,14.074,16.464
LVA,Country/Area,Latvia,2021,43.59,36.094,16.562,19.532
LVA,Country/Area,Latvia,2022,43.758,28.713,13.04,15.674
LVA,Country/Area,Latvia,2023,43.975,28.6,12.976,15.624
LTU,Country/Area,Lithuania,2019,43.2898,41.043,19.679,21.364
LTU,Country/Area,Lithuania,2020,43.5331,46.127,22.505,23.622
LTU,Country/Area,Lithuania,2021,43.6935,50.975,24.893,26.082
LTU,Country/Area,Lithuania,2022,43.8283,48.246,23.247,24.999
LTU,Country/Area,Lithuania,2023,44.027,38.659,18.188,20.471
NOR,Country/Area,Norway,2019,38.7978,40.586,20.003,20.583
NOR,Country/Area,Norway,2020,39.0439,40.578,20.019,20.56
NOR,Country/Area,Norway,2021,39.3297,41.871,20.85,21.021
NOR,Country/Area,Norway,2022,39.5754,41.989,20.946,21.043
NOR,Country/Area,Norway,2023,39.7815,42.38,21.229,21.151
SWE,Country/Area,Sweden,2019,39.558,88.702,43.995,44.707
SWE,Country/Area,Sweden,2020,39.5125,98.316,49.401,48.915
SWE,Country/Area,Sweden,2021,39.4931,92.278,47.217,45.061
SWE,Country/Area,Sweden,2022,39.5572,90.728,44.958,45.771
SWE,Country/Area,Sweden,2023,39.6876,91.557,45.564,45.993
GBR,Country/Area,United Kingdom,2019,39.2746,585.237,290.314,294.923
GBR,Country/Area,United Kingdom,2020,39.4505,672.991,340.009,332.982
GBR,Country/Area,United Kingdom,2021,39.637,652.723,331.65,321.073
GBR,Country/Area,United Kingdom,2022,39.8468,613.41,304.21,309.2
GBR,Country/Area,United Kingdom,2023,40.0636,617.021,306.856,310.165
,Subregion,Southern Europe,2019,43.9936,1551.056,774.122,776.934
,Subregion,Southern Europe,2020,44.3662,1792.756,900.733,892.023
,Subregion,Southern Europe,2021,44.7292,1755.209,890.976,864.233
,Subregion,Southern Europe,2022,45.1112,1650.36,823.556,826.804
,Subregion,Southern Europe,2023,45.5161,1616.678,804.291,812.387
ALB,Country/Area,Albania,2019,36.483,24.41,14.178,10.232
ALB,Country/Area,Albania,2020,36.9044,30.97,18.095,12.876
ALB,Country/Area,Albania,2021,37.2731,32.392,18.967,13.425
ALB,Country/Area,Albania,2022,37.5806,31.863,18.601,13.261
ALB,Country/Area,Albania,2023,37.8534,29.244,16.913,12.332
AND,Country/Area,Andorra,2019,41.6989,0.48,0.265,0.215
AND,Country/Area,Andorra,2020,42.1032,0.699,0.431,0.267
AND,Country/Area,Andorra,2021,42.4659,0.642,0.394,0.248
AND,Country/Area,Andorra,2022,42.9263,0.502,0.279,0.224
AND,Country/Area,Andorra,2023,43.4937,0.511,0.283,0.228
BIH,Country/Area,Bosnia and Herzegovina,2019,41.149,41.386,20.681,20.706
BIH,Country/Area,Bosnia and Herzegovina,2020,41.514,46.952,24.154,22.798
BIH,Country/Area,Bosnia and Herzegovina,2021,41.8226,51.587,26.519,25.067
BIH,Country/Area,Bosnia and Herzegovina,2022,42.045,51.298,26.354,24.944
BIH,Country/Area,Bosnia and Herzegovina,2023,42.2398,46.099,23.438,22.661
HRV,Country/Area,Croatia,2019,43.2622,54.451,26.539,27.912
HRV,Country/Area,Croatia,2020,43.5132,59.705,29.218,30.487
HRV,Country/Area,Croatia,2021,43.73,62.262,32.096,30.166
HRV,Country/Area,Croatia,2022,43.951,53.542,25.755,27.787
HRV,Country/Area,Croatia,2023,44.1912,53.395,25.708,27.687
GIB,Country/Area,Gibraltar,2019,41.0536,0.271,0.133,0.138
GIB,Country/Area,Gibraltar,2020,41.3977,0.284,0.14,0.144
GIB,Country/Area,Gibraltar,2021,41.66,0.378,0.196,0.182
GIB,Country/Area,Gibraltar,2022,41.9047,0.278,0.138,0.14
GIB,Country/Area,Gibraltar,2023,42.1973,0.282,0.141,0.141
GRC,Country/Area,Greece,2019,43.9489,120.923,67.762,53.161
GRC,Country/Area,Greece,2020,44.3513,125.443,70.464,54.979
GRC,Country/Area,Greece,2021,44.7398,135.773,76.641,59.132
GRC,Country/Area,Greece,2022,45.1012,131.429,74.401,57.029
GRC,Country/Area,Greece,2023,45.4534,119.187,66.101,53.086
VAT,Country/Area,Holy See,2019,57.25,0.01,0.005,0.005
VAT,Country/Area,Holy See,2020,57.5,0.01,0.005,0.005
VAT,Country/Area,Holy See,2021,57.7188,0.011,0.006,0.006
VAT,Country/Area,Holy See,2022,57.5312,0.01,0.005,0.005
VAT,Country/Area,Holy See,2023,56.9688,0.01,0.005,0.005
ITA,Country/Area,Italy,2019,45.9943,615.795,293.835,321.96
ITA,Country/Area,Italy,2020,46.4191,716.753,347.816,368.938
ITA,Country/Area,Italy,2021,46.8339,680.373,331.629,348.743
ITA,Country/Area,Italy,2022,47.2653,629.652,301.063,328.589
ITA,Country/Area,Italy,2023,47.6973,634.31,303.95,330.361
XKX,Country/Area,Kosovo (under UNSC res. 1244),2019,29.5185,9.471,5.077,4.393
XKX,Country/Area,Kosovo (under UNSC res. 1244),2020,30.0597,12.595,6.88,5.714
XKX,Country/Area,Kosovo (under UNSC res. 1244),2021,30.5365,12.054,6.621,5.433
XKX,Country/Area,Kosovo (under UNSC res. 1244),2022,31.0207,9.489,5.017,4.472
XKX,Country/Area,Kosovo (under UNSC res. 1244),2023,31.4987,9.688,5.11,4.578
MLT,Country/Area,Malta,2019,38.9724,3.644,1.946,1.698
MLT,Country/Area,Malta,2020,38.9811,3.837,2.171,1.666
MLT,Country/Area,Malta,2021,39.0125,3.819,2.093,1.727
MLT,Country/Area,Malta,2022,39.2926,3.883,2.026,1.857
MLT,Country/Area,Malta,2023,39.7728,3.978,2.073,1.906
MNE,Country/Area,Montenegro,2019,37.6803,6.801,3.625,3.176
MNE,Country/Area,Montenegro,2020,37.9482,7.473,3.964,3.509
MNE,Country/Area,Montenegro,2021,38.1876,7.556,4.072,3.484
MNE,Country/Area,Montenegro,2022,38.4367,7.241,3.863,3.378
MNE,Country/Area,Montenegro,2023,38.7224,6.63,3.414,3.216
MKD,Country/Area,North Macedonia,2019,37.6107,19.763,10.39,9.373
MKD,Country/Area,North Macedonia,2020,37.9699,25.72,13.542,12.178
MKD,Country/Area,North Macedonia,2021,38.2649,29.194,15.32,13.874
MKD,Country/Area,North Macedonia,2022,38.5445,28.889,15.087,13.801
MKD,Country/Area,North Macedonia,2023,38.8633,24.722,12.876,11.846
PRT,Country/Area,Portugal,2019,44.3621,112.138,55.834,56.304
PRT,Country/Area,Portugal,2020,44.6768,123.874,61.395,62.479
PRT,Country/Area,Portugal,2021,44.9975,123.55,62.854,60.696
PRT,Country/Area,Portugal,2022,45.3694,112.744,55.307,57.437
PRT,Country/Area,Portugal,2023,45.776,113.264,55.387,57.877
SMR,Country/Area,San Marino,2019,45.2284,0.332,0.158,0.173
SMR,Country/Area,San Marino,2020,45.7467,0.438,0.236,0.201
SMR,Country/Area,San Marino,2021,46.2791,0.391,0.207,0.184
SMR,Country/Area,San Marino,2022,46.7646,0.323,0.154,0.17
SMR,Country/Area,San Marino,2023,47.2544,0.323,0.154,0.169
SRB,Country/Area,Serbia,2019,42.5394,104.149,53.127,51.022
SRB,Country/Area,Serbia,2020,42.7569,120.926,61.997,58.929
SRB,Country/Area,Serbia,2021,42.8989,138.202,68.991,69.212
SRB,Country/Area,Serbia,2022,43.014,137.003,67.145,69.858
SRB,Country/Area,Serbia,2023,43.1766,119.335,58.27,61.065
SVN,Country/Area,Slovenia,2019,42.6415,20.599,10.078,10.521
SVN,Country/Area,Slovenia,2020,42.914,24.03,11.783,12.247
SVN,Country/Area,Slovenia,2021,43.1971,22.948,11.777,11.171
SVN,Country/Area,Slovenia,2022,43.5361,20.737,10.205,10.532
SVN,Country/Area,Slovenia,2023,43.9094,20.964,10.327,10.637
ESP,Country/Area,Spain,2019,43.1269,416.467,210.5,205.967
ESP,Country/Area,Spain,2020,43.4948,493.075,248.454,244.622
ESP,Country/Area,Spain,2021,43.8822,454.123,232.615,221.508
ESP,Country/Area,Spain,2022,44.322,431.513,218.185,213.328
ESP,Country/Area,Spain,2023,44.8223,434.759,220.165,214.595
,Subregion,Western Europe,2019,42.8348,1913.87,951.47,962.4
,Subregion,Western Europe,2020,42.8966,2094.297,1050.106,1044.191
,Subregion,Western Europe,2021,42.9617,2122.255,1072.469,1049.786
,Subregion,Western Europe,2022,43.069,2063.547,1027.164,1036.383
,Subregion,Western Europe,2023,43.2182,1989.887,982.42,1007.467
AUT,Country/Area,Austria,2019,42.4275,83.514,40.78,42.734
AUT,Country/Area,Austria,2020,42.5854,90.324,44.901,45.423
AUT,Country/Area,Austria,2021,42.7534,89.691,45.14,44.551
AUT,Country/Area,Austria,2022,42.9347,84.585,41.609,42.976
AUT,Country/Area,Austria,2023,43.1337,85.257,42.08,43.177
BEL,Country/Area,Belgium,2019,40.7087,109.123,53.304,55.818
BEL,Country/Area,Belgium,2020,40.7799,127.44,62.412,65.028
BEL,Country/Area,Belgium,2021,40.867,110.28,56.004,54.276
BEL,Country/Area,Belgium,2022,41.0417,110.497,53.881,56.616
BEL,Country/Area,Belgium,2023,41.2685,110.911,54.235,56.676
FRA,Country/Area,France,2019,41.218,602.7,299.116,303.584
FRA,Country/Area,France,2020,41.4032,655.662,327.523,328.139
FRA,Country/Area,France,2021,41.5913,639.714,321.726,317.988
FRA,Country/Area,France,2022,41.7954,607.306,298.749,308.556
FRA,Country/Area,France,2023,42.0182,611.378,301.673,309.705
DEU,Country/Area,Germany,2019,44.9945,893.404,448.463,444.942
DEU,Country/Area,Germany,2020,44.9498,971.767,490.963,480.803
DEU,Country/Area,Germany,2021,44.8742,1039.44,527.863,511.577
DEU,Country/Area,Germany,2022,44.8482,1029.665,519.305,510.36
DEU,Country/Area,Germany,2023,44.9147,947.408,468.591,478.817
LIE,Country/Area,Liechtenstein,2019,43.2368,0.236,0.119,0.117
LIE,Country/Area,Liechtenstein,2020,43.4727,0.291,0.156,0.134
LIE,Country/Area,Liechtenstein,2021,43.6665,0.281,0.151,0.13
LIE,Country/Area,Liechtenstein,2022,43.8956,0.251,0.128,0.122
LIE,Country/Area,Liechtenstein,2023,44.2062,0.262,0.134,0.128
LUX,Country/Area,Luxembourg,2019,38.481,4.309,2.198,2.111
LUX,Country/Area,Luxembourg,2020,38.5547,4.78,2.474,2.306
LUX,Country/Area,Luxembourg,2021,38.7351,4.341,2.228,2.114
LUX,Country/Area,Luxembourg,2022,38.994,4.542,2.322,2.22
LUX,Country/Area,Luxembourg,2023,39.2787,4.624,2.369,2.255
MCO,Country/Area,Monaco,2019,54.2824,0.745,0.381,0.363
MCO,Country/Area,Monaco,2020,54.4565,0.753,0.384,0.369
MCO,Country/Area,Monaco,2021,54.5237,0.778,0.393,0.385
MCO,Country/Area,Monaco,2022,54.4598,0.706,0.36,0.346
MCO,Country/Area,Monaco,2023,54.3024,0.676,0.343,0.333
NLD,Country/Area,Netherlands,2019,41.6364,152.075,74.413,77.662
NLD,Country/Area,Netherlands,2020,41.6988,167.303,83.775,83.528
NLD,Country/Area,Netherlands,2021,41.7376,168.003,84.59,83.413
NLD,Country/Area,Netherlands,2022,41.8288,156.455,77.176,79.279
NLD,Country/Area,Netherlands,2023,41.9813,158.788,78.686,80.103
CHE,Country/Area,Switzerland,2019,41.5689,67.786,32.688,35.099
CHE,Country/Area,Switzerland,2020,41.6559,75.992,37.532,38.46
CHE,Country/Area,Switzerland,2021,41.832,69.734,34.38,35.354
CHE,Country/Area,Switzerland,2022,42.0936,69.565,33.639,35.926
CHE,Country/Area,Switzerland,2023,42.3448,70.61,34.327,36.283
,Geographic region,Latin America and the Caribbean,2019,29.587,4257.246,2363.539,1893.707
,Geographic region,Latin America and the Caribbean,2020,29.9345,5066.101,2859.532,2206.569
,Geographic region,Latin America and the Caribbean,2021,30.2642,5534.706,3107.521,2427.185
,Geographic region,Latin America and the Caribbean,2022,30.6037,5007.728,2748.952,2258.776
,Geographic region,Latin America and the Caribbean,2023,30.9704,4406.41,2424.754,1981.656
,Subregion,Caribbean,2019,30.4294,357.036,198.592,158.444
,Subregion,Caribbean,2020,30.7325,372.874,209.512,163.362
,Subregion,Caribbean,2021,31.014,437.347,243.146,194.201
,Subregion,Caribbean,2022,31.301,375.827,206.378,169.449
,Subregion,Caribbean,2023,31.6078,369.905,203.215,166.69
AIA,Country/Area,Anguilla,2019,35.6711,0.096,0.06,0.036
AIA,Country/Area,Anguilla,2020,36.1952,0.099,0.062,0.037
AIA,Country/Area,Anguilla,2021,36.7399,0.106,0.067,0.04
AIA,Country/Area,Anguilla,2022,37.334,0.103,0.064,0.038
AIA,Country/Area,Anguilla,2023,37.9678,0.105,0.065,0.04
ATG,Country/Area,Antigua and Barbuda,2019,33.8246,0.54,0.278,0.262
ATG,Country/Area,Antigua and Barbuda,2020,34.2592,0.552,0.285,0.268
ATG,Country/Area,Antigua and Barbuda,2021,34.6744,0.593,0.306,0.288
ATG,Country/Area,Antigua and Barbuda,2022,35.089,0.571,0.293,0.278
ATG,Country/Area,Antigua and Barbuda,2023,35.5134,0.583,0.299,0.284
ABW,Country/Area,Aruba,2019,40.5346,0.932,0.495,0.437
ABW,Country/Area,Aruba,2020,40.9022,1.032,0.546,0.486
ABW,Country/Area,Aruba,2021,41.1949,1.194,0.624,0.569
ABW,Country/Area,Aruba,2022,41.4676,1.179,0.614,0.565
ABW,Country/Area,Aruba,2023,41.8286,1.004,0.525,0.479
BHS,Country/Area,Bahamas,2019,31.7559,3.209,1.7,1.509
BHS,Country/Area,Bahamas,2020,32.1155,3.283,1.836,1.446
BHS,Country/Area,Bahamas,2021,32.4492,3.663,2.023,1.64
BHS,Country/Area,Bahamas,2022,32.7911,2.988,1.654,1.334
BHS,Country/Area,Bahamas,2023,33.1682,3.061,1.692,1.37
BRB,Country/Area,Barbados,2019,38.3534,2.497,1.222,1.275
BRB,Country/Area,Barbados,2020,38.6282,2.519,1.231,1.288
BRB,Country/Area,Barbados,2021,38.9041,2.533,1.239,1.294
BRB,Country/Area,Barbados,2022,39.2067,2.567,1.273,1.294
BRB,Country/Area,Barbados,2023,39.5286,2.595,1.29,1.306
BES,Country/Area,"Bonaire, Sint Eustatius and Saba",2019,38.7883,0.215,0.13,0.084
BES,Country/Area,"Bonaire, Sint Eustatius and Saba",2020,39.0935,0.239,0.144,0.095
BES,Country/Area,"Bonaire, Sint Eustatius and Saba",2021,39.3522,0.276,0.165,0.111
BES,Country/Area,"Bonaire, Sint Eustatius and Saba",2022,39.5763,0.278,0.167,0.111
BES,Country/Area,"Bonaire, Sint Eustatius and Saba",2023,39.8653,0.246,0.147,0.099
VGB,Country/Area,British Virgin Islands,2019,37.2518,0.188,0.109,0.079
VGB,Country/Area,British Virgin Islands,2020,37.7412,0.196,0.114,0.083
VGB,Country/Area,British Virgin Islands,2021,38.234,0.236,0.137,0.1
VGB,Country/Area,British Virgin Islands,2022,38.7573,0.203,0.118,0.086
VGB,Country/Area,British Virgin Islands,2023,39.2776,0.21,0.122,0.089
CYM,Country/Area,Cayman Islands,2019,36.4213,0.411,0.234,0.177
CYM,Country/Area,Cayman Islands,2020,36.7547,0.429,0.247,0.183
CYM,Country/Area,Cayman Islands,2021,37.1821,0.448,0.259,0.189
CYM,Country/Area,Cayman Islands,2022,37.6937,0.45,0.259,0.191
CYM,Country/Area,Cayman Islands,2023,38.2135,0.462,0.266,0.196
CUB,Country/Area,Cuba,2019,40.881,111.637,60.71,50.926
CUB,Country/Area,Cuba,2020,41.093,115.622,63.696,51.926
CUB,Country/Area,Cuba,2021,41.1591,164.95,90.995,73.955
CUB,Country/Area,Cuba,2022,41.2186,110.485,59.144,51.341
CUB,Country/Area,Cuba,2023,41.377,111.64,59.613,52.027
CUW,Country/Area,Curaçao,2019,35.1837,1.721,0.949,0.771
CUW,Country/Area,Curaçao,2020,35.8717,1.764,0.964,0.8
CUW,Country/Area,Curaçao,2021,35.951,1.94,1.046,0.894
CUW,Country/Area,Curaçao,2022,36.0629,1.777,0.953,0.824
CUW,Country/Area,Curaçao,2023,36.1905,1.808,0.962,0.845
DMA,Country/Area,Dominica,2019,31.1733,0.596,0.346,0.251
DMA,Country/Area,Dominica,2020,31.3412,0.588,0.34,0.248
DMA,Country/Area,Dominica,2021,31.6172,0.651,0.372,0.278
DMA,Country/Area,Dominica,2022,31.9467,0.649,0.369,0.28
DMA,Country/Area,Dominica,2023,32.3348,0.593,0.34,0.253
DOM,Country/Area,Dominican Republic,2019,26.4864,65.436,37.889,27.547
DOM,Country/Area,Dominican Republic,2020,26.7972,71.096,42.512,28.585
DOM,Country/Area,Dominican Republic,2021,27.1049,74.29,43.327,30.963
DOM,Country/Area,Dominican Republic,2022,27.426,68.221,39.171,29.05
DOM,Country/Area,Dominican Republic,2023,27.7619,69.341,39.764,29.577
GRD,Country/Area,Grenada,2019,30.0609,0.983,0.535,0.449
GRD,Country/Area,Grenada,2020,30.4517,0.997,0.541,0.456
GRD,Country/Area,Grenada,2021,30.8358,1.016,0.553,0.463
GRD,Country/Area,Grenada,2022,31.2258,0.997,0.54,0.457
GRD,Country/Area,Grenada,2023,31.6138,1.002,0.543,0.459
GLP,Country/Area,Guadeloupe,2019,42.0119,3.137,1.639,1.499
GLP,Country/Area,Guadeloupe,2020,42.2374,3.346,1.778,1.568
GLP,Country/Area,Guadeloupe,2021,42.28,4.091,2.121,1.97
GLP,Country/Area,Guadeloupe,2022,42.2346,4.05,2.076,1.974
GLP,Country/Area,Guadeloupe,2023,42.1747,3.286,1.69,1.595
HTI,Country/Area,Haiti,2019,22.5657,88.896,49.289,39.606
HTI,Country/Area,Haiti,2020,22.7959,92.58,51.317,41.263
HTI,Country/Area,Haiti,2021,23.0217,99.459,54.563,44.895
HTI,Country/Area,Haiti,2022,23.2466,98.374,54.048,44.326
HTI,Country/Area,Haiti,2023,23.477,94.205,52.025,42.18
JAM,Country/Area,Jamaica,2019,29.8287,21.08,11.202,9.878
JAM,Country/Area,Jamaica,2020,30.3358,21.386,11.322,10.064
JAM,Country/Area,Jamaica,2021,30.8159,24.899,13.164,11.735
JAM,Country/Area,Jamaica,2022,31.2957,24.89,13.193,11.697
JAM,Country/Area,Jamaica,2023,31.8055,21.69,11.635,10.055
MTQ,Country/Area,Martinique,2019,45.3386,3.219,1.663,1.556
MTQ,Country/Area,Martinique,2020,45.8692,3.226,1.66,1.566
MTQ,Country/Area,Martinique,2021,46.2764,4.135,2.14,1.995
MTQ,Country/Area,Martinique,2022,46.6145,3.363,1.705,1.658
MTQ,Country/Area,Martinique,2023,46.9155,3.421,1.73,1.69
MSR,Country/Area,Montserrat,2019,42.0816,0.048,0.028,0.02
MSR,Country/Area,Montserrat,2020,42.266,0.051,0.029,0.021
MSR,Country/Area,Montserrat,2021,42.9564,0.049,0.029,0.02
MSR,Country/Area,Montserrat,2022,43.4037,0.05,0.03,0.02
MSR,Country/Area,Montserrat,2023,43.6631,0.05,0.03,0.02
PRI,Country/Area,Puerto Rico,2019,43.1691,35.429,20.567,14.862
PRI,Country/Area,Puerto Rico,2020,43.617,36.682,21.136,15.546
PRI,Country/Area,Puerto Rico,2021,44.0333,32.914,18.827,14.088
PRI,Country/Area,Puerto Rico,2022,44.3079,36.23,20.352,15.878
PRI,Country/Area,Puerto Rico,2023,44.402,36.641,20.382,16.26
BLM,Country/Area,Saint Barthélemy,2019,37.935,0.057,0.032,0.026
BLM,Country/Area,Saint Barthélemy,2020,38.2263,0.059,0.033,0.026
BLM,Country/Area,Saint Barthélemy,2021,38.5843,0.06,0.034,0.027
BLM,Country/Area,Saint Barthélemy,2022,39.0804,0.061,0.034,0.027
BLM,Country/Area,Saint Barthélemy,2023,39.6814,0.063,0.035,0.028
KNA,Country/Area,Saint Kitts and Nevis,2019,33.132,0.474,0.266,0.207
KNA,Country/Area,Saint Kitts and Nevis,2020,33.5986,0.479,0.27,0.209
KNA,Country/Area,Saint Kitts and Nevis,2021,34.0452,0.485,0.275,0.21
KNA,Country/Area,Saint Kitts and Nevis,2022,34.4357,0.48,0.273,0.207
KNA,Country/Area,Saint Kitts and Nevis,2023,34.8067,0.479,0.273,0.206
LCA,Country/Area,Saint Lucia,2019,32.3185,1.441,0.818,0.623
LCA,Country/Area,Saint Lucia,2020,32.739,1.471,0.835,0.635
LCA,Country/Area,Saint Lucia,2021,33.1307,1.85,1.037,0.813
LCA,Country/Area,Saint Lucia,2022,33.5012,1.826,1.023,0.803
LCA,Country/Area,Saint Lucia,2023,33.9127,1.441,0.818,0.623
MAF,Country/Area,Saint Martin (French part),2019,36.2257,0.157,0.095,0.062
MAF,Country/Area,Saint Martin (French part),2020,37.1806,0.158,0.096,0.062
MAF,Country/Area,Saint Martin (French part),2021,38.1821,0.159,0.096,0.063
MAF,Country/Area,Saint Martin (French part),2022,38.8481,0.162,0.097,0.065
MAF,Country/Area,Saint Martin (French part),2023,39.1628,0.167,0.099,0.068
VCT,Country/Area,Saint Vincent and the Grenadines,2019,32.5124,1.063,0.607,0.456
VCT,Country/Area,Saint Vincent and the Grenadines,2020,32.8132,1.157,0.67,0.487
VCT,Country/Area,Saint Vincent and the Grenadines,2021,32.9949,1.403,0.804,0.6
VCT,Country/Area,Saint Vincent and the Grenadines,2022,33.0837,1.457,0.834,0.623
VCT,Country/Area,Saint Vincent and the Grenadines,2023,33.1716,1.278,0.732,0.545
SXM,Country/Area,Sint Maarten (Dutch part),2019,45.1094,0.25,0.157,0.093
SXM,Country/Area,Sint Maarten (Dutch part),2020,45.8123,0.296,0.182,0.113
SXM,Country/Area,Sint Maarten (Dutch part),2021,46.4866,0.339,0.201,0.138
SXM,Country/Area,Sint Maarten (Dutch part),2022,47.1391,0.346,0.206,0.14
SXM,Country/Area,Sint Maarten (Dutch part),2023,47.7771,0.313,0.194,0.12
TTO,Country/Area,Trinidad and Tobago,2019,34.4291,11.779,6.583,5.196
TTO,Country/Area,Trinidad and Tobago,2020,34.9993,11.982,6.681,5.302
TTO,Country/Area,Trinidad and Tobago,2021,35.4639,13.917,7.703,6.214
TTO,Country/Area,Trinidad and Tobago,2022,35.9451,12.398,6.876,5.522
TTO,Country/Area,Trinidad and Tobago,2023,36.4607,12.662,7.007,5.655
TCA,Country/Area,Turks and Caicos Islands,2019,36.664,0.359,0.201,0.158
TCA,Country/Area,Turks and Caicos Islands,2020,36.9991,0.388,0.219,0.168
TCA,Country/Area,Turks and Caicos Islands,2021,37.354,0.414,0.233,0.181
TCA,Country/Area,Turks and Caicos Islands,2022,37.7102,0.412,0.231,0.181
TCA,Country/Area,Turks and Caicos Islands,2023,38.0834,0.377,0.212,0.165
VIR,Country/Area,United States Virgin Islands,2019,42.4315,1.326,0.831,0.496
VIR,Country/Area,United States Virgin Islands,2020,42.589,1.375,0.852,0.522
VIR,Country/Area,United States Virgin Islands,2021,42.6629,1.426,0.868,0.558
VIR,Country/Area,United States Virgin Islands,2022,42.804,1.411,0.848,0.563
VIR,Country/Area,United States Virgin Islands,2023,42.9755,1.32,0.785,0.535
,Subregion,Central America,2019,27.0052,1123.013,634.795,488.218
,Subregion,Central America,2020,27.3372,1465.756,855.747,610.009
,Subregion,Central America,2021,27.6554,1518.057,896.88,621.177
,Subregion,Central America,2022,28.0184,1181.806,662.054,519.752
,Subregion,Central America,2023,28.4194,1152.609,645.22,507.389
BLZ,Country/Area,Belize,2019,24.3348,1.835,1.127,0.708
BLZ,Country/Area,Belize,2020,24.7558,2.071,1.284,0.787
BLZ,Country/Area,Belize,2021,25.1649,2.54,1.563,0.977
BLZ,Country/Area,Belize,2022,25.5571,2.532,1.549,0.984
BLZ,Country/Area,Belize,2023,25.961,1.987,1.206,0.781
CRI,Country/Area,Costa Rica,2019,31.9506,27.786,15.573,12.214
CRI,Country/Area,Costa Rica,2020,32.4243,28.817,16.167,12.65
CRI,Country/Area,Costa Rica,2021,32.89,37.055,20.717,16.337
CRI,Country/Area,Costa Rica,2022,33.3359,36.834,20.494,16.34
CRI,Country/Area,Costa Rica,2023,33.8019,28.739,15.915,12.824
SLV,Country/Area,El Salvador,2019,25.4739,46.999,25.924,21.075
SLV,Country/Area,El Salvador,2020,25.8708,53.231,29.292,23.939
SLV,Country/Area,El Salvador,2021,26.2689,54.803,29.992,24.811
SLV,Country/Area,El Salvador,2022,26.6832,51.878,28.233,23.646
SLV,Country/Area,El Salvador,2023,27.1309,44.51,24.23,20.28
GTM,Country/Area,Guatemala,2019,21.3749,83.814,46.55,37.264
GTM,Country/Area,Guatemala,2020,21.7227,92.707,53.998,38.709
GTM,Country/Area,Guatemala,2021,22.0737,114.597,65.207,49.39
GTM,Country/Area,Guatemala,2022,22.4178,120.781,67.174,53.607
GTM,Country/Area,Guatemala,2023,22.7748,110.509,61.04,49.469
HND,Country/Area,Honduras,2019,22.7241,42.992,24.256,18.736
HND,Country/Area,Honduras,2020,23.0844,50.064,28.239,21.826
HND,Country/Area,Honduras,2021,23.432,57.654,32.161,25.493
HND,Country/Area,Honduras,2022,23.7777,56.396,31.483,24.913
HND,Country/Area,Honduras,2023,24.1443,46.075,26.066,20.009
MEX,Country/Area,Mexico,2019,28.3714,867.074,491.736,375.338
MEX,Country/Area,Mexico,2020,28.6986,1175.636,690.814,484.821
MEX,Country/Area,Mexico,2021,29.0097,1191.718,713.518,478.2
MEX,Country/Area,Mexico,2022,29.3867,855.022,480.241,374.782
MEX,Country/Area,Mexico,2023,29.811,864.261,485.064,379.197
NIC,Country/Area,Nicaragua,2019,23.8667,30.875,17.339,13.536
NIC,Country/Area,Nicaragua,2020,24.2028,38.555,21.787,16.768
NIC,Country/Area,Nicaragua,2021,24.5397,33.308,18.666,14.642
NIC,Country/Area,Nicaragua,2022,24.8934,32.359,18.113,14.246
NIC,Country/Area,Nicaragua,2023,25.2519,33.031,18.477,14.554
PAN,Country/Area,Panama,2019,28.2976,21.641,12.302,9.339
PAN,Country/Area,Panama,2020,28.5708,24.662,14.154,10.508
PAN,Country/Area,Panama,2021,28.8293,26.382,15.055,11.326
PAN,Country/Area,Panama,2022,29.0813,26.004,14.753,11.25
PAN,Country/Area,Panama,2023,29.347,23.483,13.215,10.269
,Subregion,South America,2019,30.5598,2777.197,1530.152,1247.045
,Subregion,South America,2020,30.9247,3227.471,1794.273,1433.198
,Subregion,South America,2021,31.2712,3579.302,1967.495,1611.807
,Subregion,South America,2022,31.6136,3450.095,1880.52,1569.575
,Subregion,South America,2023,31.9792,2883.896,1576.319,1307.577
ARG,Country/Area,Argentina,2019,30.7813,340.033,178.586,161.447
ARG,Country/Area,Argentina,2020,31.0438,383.131,202.693,180.438
ARG,Country/Area,Argentina,2021,31.3016,405.428,212.609,192.819
ARG,Country/Area,Argentina,2022,31.5665,390.865,203.278,187.588
ARG,Country/Area,Argentina,2023,31.8605,342.195,177.326,164.869
BOL,Country/Area,Bolivia (Plurinational State of),2019,23.5101,83.967,46.251,37.716
BOL,Country/Area,Bolivia (Plurinational State of),2020,23.7426,111.027,63.774,47.254
BOL,Country/Area,Bolivia (Plurinational State of),2021,23.9377,120.158,68.03,52.128
BOL,Country/Area,Bolivia (Plurinational State of),2022,24.134,110.787,61.892,48.895
BOL,Country/Area,Bolivia (Plurinational State of),2023,24.3752,82.3,45.109,37.191
BRA,Country/Area,Brazil,2019,31.9986,1391.436,770.531,620.904
BRA,Country/Area,Brazil,2020,32.4154,1581.43,872.334,709.097
BRA,Country/Area,Brazil,2021,32.8167,1784.239,977.027,807.212
BRA,Country/Area,Brazil,2022,33.2087,1752.232,955.048,797.184
BRA,Country/Area,Brazil,2023,33.6197,1465.348,805.995,659.353
CHL,Country/Area,Chile,2019,34.2654,120.1,62.342,57.758
CHL,Country/Area,Chile,2020,34.5404,139.021,73.645,65.375
CHL,Country/Area,Chile,2021,34.8546,144.326,75.524,68.801
CHL,Country/Area,Chile,2022,35.2457,141.368,73.622,67.746
CHL,Country/Area,Chile,2023,35.7401,125.966,65.722,60.244
COL,Country/Area,Colombia,2019,30.0377,270.504,151.165,119.339
COL,Country/Area,Colombia,2020,30.4097,335.656,191.26,144.396
COL,Country/Area,Colombia,2021,30.7725,397.649,226.497,171.151
COL,Country/Area,Colombia,2022,31.171,384.947,217.744,167.203
COL,Country/Area,Colombia,2023,31.6447,287.479,159.288,128.191
ECU,Country/Area,Ecuador,2019,26.8852,85.03,47.201,37.829
ECU,Country/Area,Ecuador,2020,27.229,132.366,78.442,53.924
ECU,Country/Area,Ecuador,2021,27.5533,119.463,70.066,49.396
ECU,Country/Area,Ecuador,2022,27.9257,87.35,47.874,39.476
ECU,Country/Area,Ecuador,2023,28.3339,89.138,48.803,40.335
FLK,Country/Area,Falkland Islands (Malvinas),2019,38.7708,0.026,0.015,0.012
FLK,Country/Area,Falkland Islands (Malvinas),2020,39.0683,0.027,0.016,0.012
FLK,Country/Area,Falkland Islands (Malvinas),2021,39.4833,0.028,0.016,0.012
FLK,Country/Area,Falkland Islands (Malvinas),2022,39.9129,0.027,0.015,0.012
FLK,Country/Area,Falkland Islands (Malvinas),2023,40.3289,0.027,0.015,0.012
GUF,Country/Area,French Guiana,2019,23.5576,1.107,0.657,0.45
GUF,Country/Area,French Guiana,2020,23.6031,1.154,0.683,0.471
GUF,Country/Area,French Guiana,2021,23.6798,1.463,0.871,0.592
GUF,Country/Area,French Guiana,2022,23.8071,1.199,0.709,0.49
GUF,Country/Area,French Guiana,2023,23.9769,1.24,0.732,0.508
GUY,Country/Area,Guyana,2019,24.9889,6.039,3.453,2.586
GUY,Country/Area,Guyana,2020,25.2254,6.394,3.646,2.748
GUY,Country/Area,Guyana,2021,25.4764,8.057,4.516,3.542
GUY,Country/Area,Guyana,2022,25.7127,7.913,4.418,3.495
GUY,Country/Area,Guyana,2023,25.988,6.133,3.453,2.68
PRY,Country/Area,Paraguay,2019,25.0308,36.847,20.686,16.16
PRY,Country/Area,Paraguay,2020,25.3479,39.177,22.095,17.083
PRY,Country/Area,Paraguay,2021,25.6352,51.237,28.913,22.324
PRY,Country/Area,Paraguay,2022,25.8983,50.471,28.468,22.003
PRY,Country/Area,Paraguay,2023,26.1844,38.306,21.529,16.778
PER,Country/Area,Peru,2019,27.6944,196.738,108.833,87.905
PER,Country/Area,Peru,2020,27.9571,243.717,140.468,103.249
PER,Country/Area,Peru,2021,28.1961,269.05,147.073,121.976
PER,Country/Area,Peru,2022,28.446,255.755,137.326,118.429
PER,Country/Area,Peru,2023,28.7427,196.934,107.885,89.049
SUR,Country/Area,Suriname,2019,27.595,4.238,2.386,1.852
SUR,Country/Area,Suriname,2020,27.7755,4.273,2.4,1.873
SUR,Country/Area,Suriname,2021,27.9245,5.315,2.946,2.37
SUR,Country/Area,Suriname,2022,28.0497,5.342,2.952,2.391
SUR,Country/Area,Suriname,2023,28.2124,4.481,2.501,1.98
URY,Country/Area,Uruguay,2019,34.7346,34.484,17.208,17.276
URY,Country/Area,Uruguay,2020,34.9908,32.343,15.862,16.481
URY,Country/Area,Uruguay,2021,35.219,41.681,20.659,21.022
URY,Country/Area,Uruguay,2022,35.4486,33.82,16.841,16.979
URY,Country/Area,Uruguay,2023,35.7253,33.866,16.84,17.026
VEN,Country/Area,Venezuela (Bolivarian Republic of),2019,27.4697,206.669,120.844,85.825
VEN,Country/Area,Venezuela (Bolivarian Republic of),2020,27.7881,217.755,126.956,90.799
VEN,Country/Area,Venezuela (Bolivarian Republic of),2021,28.0616,231.205,132.738,98.468
VEN,Country/Area,Venezuela (Bolivarian Republic of),2022,28.2287,228.02,130.349,97.671
VEN,Country/Area,Venezuela (Bolivarian Republic of),2023,28.2952,210.481,121.127,89.354
,Geographic region,Northern America,2019,37.5116,3063.27,1618.277,1444.993
,Geographic region,Northern America,2020,37.7223,3544.38,1897.177,1647.203
,Geographic region,Northern America,2021,37.9431,3579.16,1941.664,1637.496
,Geographic region,Northern America,2022,38.1524,3443.608,1845.894,1597.714
,Geographic region,Northern America,2023,38.3631,3215.951,1693.158,1522.793
BMU,Country/Area,Bermuda,2019,44.1001,0.58,0.305,0.275
BMU,Country/Area,Bermuda,2020,44.5042,0.591,0.31,0.281
BMU,Country/Area,Bermuda,2021,44.8926,0.689,0.366,0.323
BMU,Country/Area,Bermuda,2022,45.3189,0.589,0.307,0.282
BMU,Country/Area,Bermuda,2023,45.7879,0.596,0.31,0.286
CAN,Country/Area,Canada,2019,39.8057,284.005,145.351,138.655
CAN,Country/Area,Canada,2020,39.9362,304.741,156.855,147.886
CAN,Country/Area,Canada,2021,40.162,297.242,153.457,143.785
CAN,Country/Area,Canada,2022,40.3812,297.812,152.829,144.982
CAN,Country/Area,Canada,2023,40.5865,302.395,155.313,147.082
GRL,Country/Area,Greenland,2019,33.4769,0.484,0.308,0.176
GRL,Country/Area,Greenland,2020,33.6268,0.487,0.311,0.176
GRL,Country/Area,Greenland,2021,33.8715,0.498,0.318,0.18
GRL,Country/Area,Greenland,2022,34.1709,0.506,0.323,0.183
GRL,Country/Area,Greenland,2023,34.5088,0.518,0.33,0.188
SPM,Country/Area,Saint Pierre and Miquelon,2019,43.721,0.073,0.04,0.034
SPM,Country/Area,Saint Pierre and Miquelon,2020,43.615,0.073,0.04,0.033
SPM,Country/Area,Saint Pierre and Miquelon,2021,43.7074,0.073,0.039,0.034
SPM,Country/Area,Saint Pierre and Miquelon,2022,43.9854,0.071,0.038,0.033
SPM,Country/Area,Saint Pierre and Miquelon,2023,44.4541,0.07,0.037,0.033
USA,Country/Area,United States of America,2019,37.2545,2778.148,1472.281,1305.867
USA,Country/Area,United States of America,2020,37.4674,3238.518,1739.678,1498.84
USA,Country/Area,United States of America,2021,37.6833,3280.682,1787.492,1493.191
USA,Country/Area,United States of America,2022,37.889,3144.657,1692.408,1452.249
USA,Country/Area,United States of America,2023,38.0989,2912.402,1537.175,1375.226
,Geographic region,Oceania,2019,31.6908,280.924,151.784,129.14
,Geographic region,Oceania,2020,31.9233,278.401,148.148,130.253
,Geographic region,Oceania,2021,32.1758,289.468,154.179,135.289
,Geographic region,Oceania,2022,32.4327,299.063,162.126,136.937
,Geographic region,Oceania,2023,32.697,304.216,164.873,139.343
,Subregion,Australia/New Zealand,2019,36.3968,198.534,102.388,96.146
,Subregion,Australia/New Zealand,2020,36.6141,194.669,98.207,96.462
,Subregion,Australia/New Zealand,2021,36.8843,199.957,100.736,99.221
,Subregion,Australia/New Zealand,2022,37.1556,211.838,109.956,101.882
,Subregion,Australia/New Zealand,2023,37.4275,215.317,111.774,103.543
AUS,Country/Area,Australia,2019,36.4283,166.979,86.17,80.809
AUS,Country/Area,Australia,2020,36.6594,162.601,81.587,81.015
AUS,Country/Area,Australia,2021,36.9535,166.082,83.139,82.943
AUS,Country/Area,Australia,2022,37.2382,177.939,92.357,85.582
AUS,Country/Area,Australia,2023,37.5132,180.623,93.797,86.826
NZL,Country/Area,New Zealand,2019,36.2195,31.55,16.214,15.337
NZL,Country/Area,New Zealand,2020,36.3623,32.068,16.624,15.444
NZL,Country/Area,New Zealand,2021,36.5018,33.869,17.584,16.285
NZL,Country/Area,New Zealand,2022,36.6992,33.895,17.6,16.295
NZL,Country/Area,New Zealand,2023,36.9551,34.699,17.98,16.719
,Subregion,Melanesia,2019,21.7283,75.519,45.433,30.086
,Subregion,Melanesia,2020,21.9134,76.506,45.672,30.834
,Subregion,Melanesia,2021,22.1015,81.705,48.898,32.807
,Subregion,Melanesia,2022,22.2968,79.985,48.022,31.963
,Subregion,Melanesia,2023,22.5052,81.503,48.876,32.627
FJI,Country/Area,Fiji,2019,26.3086,7.34,3.913,3.427
FJI,Country/Area,Fiji,2020,26.5626,7.458,3.962,3.496
FJI,Country/Area,Fiji,2021,26.7844,8.218,4.347,3.87
FJI,Country/Area,Fiji,2022,26.9773,7.671,4.089,3.582
FJI,Country/Area,Fiji,2023,27.1563,7.772,4.148,3.624
NCL,Country/Area,New Caledonia,2019,32.429,1.439,0.865,0.574
NCL,Country/Area,New Caledonia,2020,32.8433,1.437,0.861,0.576
NCL,Country/Area,New Caledonia,2021,33.2291,1.749,1.056,0.692
NCL,Country/Area,New Caledonia,2022,33.5825,1.525,0.899,0.626
NCL,Country/Area,New Caledonia,2023,33.9177,1.572,0.921,0.651
PNG,Country/Area,Papua New Guinea,2019,21.3477,61.653,37.761,23.892
PNG,Country/Area,Papua New Guinea,2020,21.5495,62.383,37.883,24.5
PNG,Country/Area,Papua New Guinea,2021,21.7565,66.458,40.482,25.976
PNG,Country/Area,Papua New Guinea,2022,21.9727,65.511,40.027,25.484
PNG,Country/Area,Papua New Guinea,2023,22.2027,66.827,40.774,26.053
SLB,Country/Area,Solomon Islands,2019,18.9905,3.372,1.894,1.478
SLB,Country/Area,Solomon Islands,2020,19.1208,3.515,1.982,1.533
SLB,Country/Area,Solomon Islands,2021,19.2536,3.561,2.005,1.556
SLB,Country/Area,Solomon Islands,2022,19.3731,3.545,1.988,1.556
SLB,Country/Area,Solomon Islands,2023,19.4811,3.599,2.017,1.582
VUT,Country/Area,Vanuatu,2019,19.4574,1.725,1.007,0.718
VUT,Country/Area,Vanuatu,2020,19.465,1.711,0.982,0.729
VUT,Country/Area,Vanuatu,2021,19.4928,1.722,1.01,0.712
VUT,Country/Area,Vanuatu,2022,19.5434,1.736,1.018,0.718
VUT,Country/Area,Vanuatu,2023,19.6136,1.74,1.021,0.719
,Subregion,Micronesia,2019,25.4885,3.368,1.941,1.427
,Subregion,Micronesia,2020,25.7492,3.575,2.114,1.461
,Subregion,Micronesia,2021,26.0132,3.637,2.092,1.545
,Subregion,Micronesia,2022,26.2578,3.57,2.038,1.532
,Subregion,Micronesia,2023,26.4775,3.656,2.075,1.581
GUM,Country/Area,Guam,2019,29.5797,1.069,0.636,0.433
GUM,Country/Area,Guam,2020,29.7251,1.216,0.775,0.441
GUM,Country/Area,Guam,2021,29.8159,1.252,0.741,0.511
GUM,Country/Area,Guam,2022,29.9397,1.127,0.654,0.473
GUM,Country/Area,Guam,2023,30.0982,1.151,0.664,0.487
KIR,Country/Area,Kiribati,2019,21.5361,0.779,0.387,0.392
KIR,Country/Area,Kiribati,2020,21.7081,0.79,0.393,0.397
KIR,Country/Area,Kiribati,2021,21.8811,0.805,0.4,0.404
KIR,Country/Area,Kiribati,2022,22.0339,0.813,0.405,0.407
KIR,Country/Area,Kiribati,2023,22.1583,0.827,0.414,0.414
MHL,Country/Area,Marshall Islands,2019,23.4218,0.333,0.188,0.145
MHL,Country/Area,Marshall Islands,2020,24.1713,0.329,0.187,0.142
MHL,Country/Area,Marshall Islands,2021,25.0169,0.325,0.185,0.14
MHL,Country/Area,Marshall Islands,2022,25.4722,0.329,0.188,0.141
MHL,Country/Area,Marshall Islands,2023,25.5035,0.337,0.193,0.144
FSM,Country/Area,Micronesia (Fed. States of),2019,22.7326,0.642,0.381,0.261
FSM,Country/Area,Micronesia (Fed. States of),2020,23.0338,0.682,0.405,0.276
FSM,Country/Area,Micronesia (Fed. States of),2021,23.3522,0.705,0.419,0.286
FSM,Country/Area,Micronesia (Fed. States of),2022,23.6801,0.718,0.426,0.292
FSM,Country/Area,Micronesia (Fed. States of),2023,24.0203,0.72,0.426,0.294
NRU,Country/Area,Nauru,2019,20.1787,0.079,0.047,0.032
NRU,Country/Area,Nauru,2020,20.2398,0.082,0.049,0.033
NRU,Country/Area,Nauru,2021,20.3083,0.083,0.049,0.034
NRU,Country/Area,Nauru,2022,20.271,0.084,0.05,0.034
NRU,Country/Area,Nauru,2023,20.1249,0.085,0.05,0.035
MNP,Country/Area,Northern Mariana Islands,2019,38.0299,0.265,0.162,0.103
MNP,Country/Area,Northern Mariana Islands,2020,38.4788,0.278,0.171,0.108
MNP,Country/Area,Northern Mariana Islands,2021,38.7233,0.295,0.181,0.115
MNP,Country/Area,Northern Mariana Islands,2022,38.7093,0.303,0.185,0.118
MNP,Country/Area,Northern Mariana Islands,2023,38.3552,0.317,0.193,0.124
PLW,Country/Area,Palau,2019,35.514,0.233,0.14,0.094
PLW,Country/Area,Palau,2020,35.615,0.231,0.14,0.092
PLW,Country/Area,Palau,2021,35.7079,0.228,0.139,0.089
PLW,Country/Area,Palau,2022,35.785,0.242,0.144,0.099
PLW,Country/Area,Palau,2023,35.8363,0.245,0.145,0.1
,Subregion,Polynesia,2019,26.4015,3.503,2.022,1.481
,Subregion,Polynesia,2020,26.727,3.651,2.155,1.496
,Subregion,Polynesia,2021,27.0121,4.169,2.453,1.716
,Subregion,Polynesia,2022,27.2626,3.67,2.11,1.56
,Subregion,Polynesia,2023,27.4827,3.74,2.148,1.592
ASM,Country/Area,American Samoa,2019,26.1294,0.309,0.178,0.132
ASM,Country/Area,American Samoa,2020,26.8625,0.31,0.176,0.134
ASM,Country/Area,American Samoa,2021,27.6245,0.311,0.193,0.118
ASM,Country/Area,American Samoa,2022,28.2539,0.311,0.176,0.135
ASM,Country/Area,American Samoa,2023,28.7261,0.316,0.178,0.138
COK,Country/Area,Cook Islands,2019,32.4557,0.14,0.084,0.056
COK,Country/Area,Cook Islands,2020,32.8214,0.142,0.085,0.057
COK,Country/Area,Cook Islands,2021,33.081,0.144,0.086,0.058
COK,Country/Area,Cook Islands,2022,33.2669,0.144,0.085,0.059
COK,Country/Area,Cook Islands,2023,33.3512,0.146,0.086,0.06
PYF,Country/Area,French Polynesia,2019,32.0293,1.017,0.617,0.401
PYF,Country/Area,French Polynesia,2020,32.5226,1.166,0.752,0.414
PYF,Country/Area,French Polynesia,2021,32.9797,1.635,1.009,0.627
PYF,Country/Area,French Polynesia,2022,33.4542,1.115,0.661,0.454
PYF,Country/Area,French Polynesia,2023,33.9605,1.165,0.688,0.477
NIU,Country/Area,Niue,2019,35.6568,0.025,0.012,0.013
NIU,Country/Area,Niue,2020,35.8116,0.027,0.012,0.014
NIU,Country/Area,Niue,2021,35.8318,0.027,0.012,0.014
NIU,Country/Area,Niue,2022,35.9361,0.027,0.012,0.014
NIU,Country/Area,Niue,2023,36.0215,0.027,0.012,0.014
WSM,Country/Area,Samoa,2019,20.412,1.172,0.653,0.519
WSM,Country/Area,Samoa,2020,20.5234,1.143,0.641,0.502
WSM,Country/Area,Samoa,2021,20.6108,1.171,0.66,0.511
WSM,Country/Area,Samoa,2022,20.6389,1.216,0.685,0.531
WSM,Country/Area,Samoa,2023,20.6142,1.23,0.695,0.535
TKL,Country/Area,Tokelau,2019,26.398,0.013,0.006,0.007
TKL,Country/Area,Tokelau,2020,26.3778,0.013,0.006,0.007
TKL,Country/Area,Tokelau,2021,26.5058,0.014,0.006,0.007
TKL,Country/Area,Tokelau,2022,26.6621,0.014,0.006,0.007
TKL,Country/Area,Tokelau,2023,26.8167,0.014,0.006,0.007
TON,Country/Area,Tonga,2019,21.2595,0.732,0.404,0.328
TON,Country/Area,Tonga,2020,21.4059,0.734,0.404,0.33
TON,Country/Area,Tonga,2021,21.5671,0.742,0.407,0.335
TON,Country/Area,Tonga,2022,21.7145,0.739,0.407,0.332
TON,Country/Area,Tonga,2023,21.8626,0.742,0.408,0.334
TUV,Country/Area,Tuvalu,2019,24.7287,0.112,0.067,0.044
TUV,Country/Area,Tuvalu,2020,24.8704,0.113,0.068,0.045
TUV,Country/Area,Tuvalu,2021,24.9933,0.114,0.068,0.045
TUV,Country/Area,Tuvalu,2022,25.0318,0.115,0.068,0.046
TUV,Country/Area,Tuvalu,2023,25.0305,0.115,0.069,0.047
WLF,Country/Area,Wallis and Futuna Islands,2019,34.9624,0.072,0.037,0.034
WLF,Country/Area,Wallis and Futuna Islands,2020,35.4533,0.08,0.042,0.038
WLF,Country/Area,Wallis and Futuna Islands,2021,35.8358,0.086,0.046,0.04
WLF,Country/Area,Wallis and Futuna Islands,2022,36.2699,0.077,0.04,0.037
WLF,Country/Area,Wallis and Futuna Islands,2023,36.7419,0.079,0.041,0.038
